Experiment,Dist,N,M,Seed,Algo,Params,Time,Obj,Status,Gap
pilot_b_tuning,job_correlated,30,4,2189,IG,"d=2,T=0.1,t=5.0s",5.0,376,HEURISTIC,3.867403314917127
pilot_b_tuning,job_correlated,30,4,2189,IG,"d=2,T=0.5,t=5.0s",5.0,376,HEURISTIC,3.867403314917127
pilot_b_tuning,job_correlated,30,4,2189,IG,"d=4,T=0.1,t=5.0s",5.0,366,HEURISTIC,1.1049723756906076
pilot_b_tuning,job_correlated,30,4,2189,IG,"d=4,T=0.5,t=5.0s",5.0,372,HEURISTIC,2.7624309392265194
pilot_b_tuning,job_correlated,30,4,2189,IG,"d=6,T=0.1,t=5.0s",5.0,366,HEURISTIC,1.1049723756906076
pilot_b_tuning,job_correlated,30,4,2189,IG,"d=6,T=0.5,t=5.0s",5.0,368,HEURISTIC,1.6574585635359116
pilot_b_tuning,job_correlated,30,4,2190,IG,"d=2,T=0.1,t=5.0s",5.0,469,HEURISTIC,1.5151515151515151
pilot_b_tuning,job_correlated,30,4,2190,IG,"d=2,T=0.5,t=5.0s",5.0,474,HEURISTIC,2.5974025974025974
pilot_b_tuning,job_correlated,30,4,2190,IG,"d=4,T=0.1,t=5.0s",5.0,469,HEURISTIC,1.5151515151515151
pilot_b_tuning,job_correlated,30,4,2190,IG,"d=4,T=0.5,t=5.0s",5.0,472,HEURISTIC,2.1645021645021645
pilot_b_tuning,job_correlated,30,4,2190,IG,"d=6,T=0.1,t=5.0s",5.0,471,HEURISTIC,1.948051948051948
pilot_b_tuning,job_correlated,30,4,2190,IG,"d=6,T=0.5,t=5.0s",5.0,476,HEURISTIC,3.0303030303030303
pilot_b_tuning,job_correlated,30,4,2191,IG,"d=2,T=0.1,t=5.0s",5.0,387,HEURISTIC,1.8421052631578945
pilot_b_tuning,job_correlated,30,4,2191,IG,"d=2,T=0.5,t=5.0s",5.0,391,HEURISTIC,2.8947368421052633
pilot_b_tuning,job_correlated,30,4,2191,IG,"d=4,T=0.1,t=5.0s",5.0,387,HEURISTIC,1.8421052631578945
pilot_b_tuning,job_correlated,30,4,2191,IG,"d=4,T=0.5,t=5.0s",5.0,391,HEURISTIC,2.8947368421052633
pilot_b_tuning,job_correlated,30,4,2191,IG,"d=6,T=0.1,t=5.0s",5.0,387,HEURISTIC,1.8421052631578945
pilot_b_tuning,job_correlated,30,4,2191,IG,"d=6,T=0.5,t=5.0s",5.0,390,HEURISTIC,2.631578947368421
pilot_b_tuning,job_correlated,30,4,2192,IG,"d=2,T=0.1,t=5.0s",5.0,404,HEURISTIC,2.0202020202020203
pilot_b_tuning,job_correlated,30,4,2192,IG,"d=2,T=0.5,t=5.0s",5.0,407,HEURISTIC,2.7777777777777777
pilot_b_tuning,job_correlated,30,4,2192,IG,"d=4,T=0.1,t=5.0s",5.0,402,HEURISTIC,1.5151515151515151
pilot_b_tuning,job_correlated,30,4,2192,IG,"d=4,T=0.5,t=5.0s",5.0,404,HEURISTIC,2.0202020202020203
pilot_b_tuning,job_correlated,30,4,2192,IG,"d=6,T=0.1,t=5.0s",5.0,403,HEURISTIC,1.7676767676767675
pilot_b_tuning,job_correlated,30,4,2192,IG,"d=6,T=0.5,t=5.0s",5.0,406,HEURISTIC,2.525252525252525
pilot_b_tuning,job_correlated,30,4,2193,IG,"d=2,T=0.1,t=5.0s",5.0,355,HEURISTIC,1.7191977077363898
pilot_b_tuning,job_correlated,30,4,2193,IG,"d=2,T=0.5,t=5.0s",5.0,359,HEURISTIC,2.865329512893983
pilot_b_tuning,job_correlated,30,4,2193,IG,"d=4,T=0.1,t=5.0s",5.0,354,HEURISTIC,1.4326647564469914
pilot_b_tuning,job_correlated,30,4,2193,IG,"d=4,T=0.5,t=5.0s",5.0,355,HEURISTIC,1.7191977077363898
pilot_b_tuning,job_correlated,30,4,2193,IG,"d=6,T=0.1,t=5.0s",5.0,354,HEURISTIC,1.4326647564469914
pilot_b_tuning,job_correlated,30,4,2193,IG,"d=6,T=0.5,t=5.0s",5.0,359,HEURISTIC,2.865329512893983
pilot_b_tuning,uniform,30,4,2184,IG,"d=2,T=0.1,t=5.0s",5.0,236,HEURISTIC,3.056768558951965
pilot_b_tuning,uniform,30,4,2184,IG,"d=2,T=0.5,t=5.0s",5.0,236,HEURISTIC,3.056768558951965
pilot_b_tuning,uniform,30,4,2184,IG,"d=4,T=0.1,t=5.0s",5.0,236,HEURISTIC,3.056768558951965
pilot_b_tuning,uniform,30,4,2184,IG,"d=4,T=0.5,t=5.0s",5.0,236,HEURISTIC,3.056768558951965
pilot_b_tuning,uniform,30,4,2184,IG,"d=6,T=0.1,t=5.0s",5.0,236,HEURISTIC,3.056768558951965
pilot_b_tuning,uniform,30,4,2184,IG,"d=6,T=0.5,t=5.0s",5.0,236,HEURISTIC,3.056768558951965
pilot_b_tuning,uniform,30,4,2185,IG,"d=2,T=0.1,t=5.0s",5.0,231,HEURISTIC,11.594202898550725
pilot_b_tuning,uniform,30,4,2185,IG,"d=2,T=0.5,t=5.0s",5.0,217,HEURISTIC,4.830917874396135
pilot_b_tuning,uniform,30,4,2185,IG,"d=4,T=0.1,t=5.0s",5.0,217,HEURISTIC,4.830917874396135
pilot_b_tuning,uniform,30,4,2185,IG,"d=4,T=0.5,t=5.0s",5.0,217,HEURISTIC,4.830917874396135
pilot_b_tuning,uniform,30,4,2185,IG,"d=6,T=0.1,t=5.0s",5.0,217,HEURISTIC,4.830917874396135
pilot_b_tuning,uniform,30,4,2185,IG,"d=6,T=0.5,t=5.0s",5.0,217,HEURISTIC,4.830917874396135
pilot_b_tuning,uniform,30,4,2186,IG,"d=2,T=0.1,t=5.0s",5.0,203,HEURISTIC,7.4074074074074066
pilot_b_tuning,uniform,30,4,2186,IG,"d=2,T=0.5,t=5.0s",5.0,202,HEURISTIC,6.878306878306878
pilot_b_tuning,uniform,30,4,2186,IG,"d=4,T=0.1,t=5.0s",5.0,201,HEURISTIC,6.349206349206349
pilot_b_tuning,uniform,30,4,2186,IG,"d=4,T=0.5,t=5.0s",5.0,201,HEURISTIC,6.349206349206349
pilot_b_tuning,uniform,30,4,2186,IG,"d=6,T=0.1,t=5.0s",5.0,201,HEURISTIC,6.349206349206349
pilot_b_tuning,uniform,30,4,2186,IG,"d=6,T=0.5,t=5.0s",5.0,201,HEURISTIC,6.349206349206349
pilot_b_tuning,uniform,30,4,2187,IG,"d=2,T=0.1,t=5.0s",5.0,245,HEURISTIC,6.986899563318777
pilot_b_tuning,uniform,30,4,2187,IG,"d=2,T=0.5,t=5.0s",5.0,245,HEURISTIC,6.986899563318777
pilot_b_tuning,uniform,30,4,2187,IG,"d=4,T=0.1,t=5.0s",5.0,243,HEURISTIC,6.11353711790393
pilot_b_tuning,uniform,30,4,2187,IG,"d=4,T=0.5,t=5.0s",5.0,243,HEURISTIC,6.11353711790393
pilot_b_tuning,uniform,30,4,2187,IG,"d=6,T=0.1,t=5.0s",5.0,243,HEURISTIC,6.11353711790393
pilot_b_tuning,uniform,30,4,2187,IG,"d=6,T=0.5,t=5.0s",5.0,243,HEURISTIC,6.11353711790393
pilot_b_tuning,uniform,30,4,2188,IG,"d=2,T=0.1,t=5.0s",5.0,272,HEURISTIC,4.21455938697318
pilot_b_tuning,uniform,30,4,2188,IG,"d=2,T=0.5,t=5.0s",5.0,271,HEURISTIC,3.8314176245210727
pilot_b_tuning,uniform,30,4,2188,IG,"d=4,T=0.1,t=5.0s",5.0,271,HEURISTIC,3.8314176245210727
pilot_b_tuning,uniform,30,4,2188,IG,"d=4,T=0.5,t=5.0s",5.0,271,HEURISTIC,3.8314176245210727
pilot_b_tuning,uniform,30,4,2188,IG,"d=6,T=0.1,t=5.0s",5.0,271,HEURISTIC,3.8314176245210727
pilot_b_tuning,uniform,30,4,2188,IG,"d=6,T=0.5,t=5.0s",5.0,271,HEURISTIC,3.8314176245210727
pilot_b_tuning,job_correlated,30,5,2199,IG,"d=2,T=0.1,t=5.0s",5.0,246,HEURISTIC,5.579399141630901
pilot_b_tuning,job_correlated,30,5,2199,IG,"d=2,T=0.5,t=5.0s",5.0,246,HEURISTIC,5.579399141630901
pilot_b_tuning,job_correlated,30,5,2199,IG,"d=4,T=0.1,t=5.0s",5.0,241,HEURISTIC,3.4334763948497855
pilot_b_tuning,job_correlated,30,5,2199,IG,"d=4,T=0.5,t=5.0s",5.0,244,HEURISTIC,4.721030042918455
pilot_b_tuning,job_correlated,30,5,2199,IG,"d=6,T=0.1,t=5.0s",5.0,241,HEURISTIC,3.4334763948497855
pilot_b_tuning,job_correlated,30,5,2199,IG,"d=6,T=0.5,t=5.0s",5.0,243,HEURISTIC,4.291845493562231
pilot_b_tuning,job_correlated,30,5,2200,IG,"d=2,T=0.1,t=5.0s",5.0,289,HEURISTIC,3.9568345323741005
pilot_b_tuning,job_correlated,30,5,2200,IG,"d=2,T=0.5,t=5.0s",5.0,289,HEURISTIC,3.9568345323741005
pilot_b_tuning,job_correlated,30,5,2200,IG,"d=4,T=0.1,t=5.0s",5.0,287,HEURISTIC,3.237410071942446
pilot_b_tuning,job_correlated,30,5,2200,IG,"d=4,T=0.5,t=5.0s",5.0,288,HEURISTIC,3.597122302158273
pilot_b_tuning,job_correlated,30,5,2200,IG,"d=6,T=0.1,t=5.0s",5.0,287,HEURISTIC,3.237410071942446
pilot_b_tuning,job_correlated,30,5,2200,IG,"d=6,T=0.5,t=5.0s",5.0,289,HEURISTIC,3.9568345323741005
pilot_b_tuning,job_correlated,30,5,2201,IG,"d=2,T=0.1,t=5.0s",5.0,309,HEURISTIC,3.691275167785235
pilot_b_tuning,job_correlated,30,5,2201,IG,"d=2,T=0.5,t=5.0s",5.0,313,HEURISTIC,5.033557046979865
pilot_b_tuning,job_correlated,30,5,2201,IG,"d=4,T=0.1,t=5.0s",5.0,305,HEURISTIC,2.348993288590604
pilot_b_tuning,job_correlated,30,5,2201,IG,"d=4,T=0.5,t=5.0s",5.0,311,HEURISTIC,4.3624161073825505
pilot_b_tuning,job_correlated,30,5,2201,IG,"d=6,T=0.1,t=5.0s",5.0,305,HEURISTIC,2.348993288590604
pilot_b_tuning,job_correlated,30,5,2201,IG,"d=6,T=0.5,t=5.0s",5.0,314,HEURISTIC,5.369127516778524
pilot_b_tuning,job_correlated,30,5,2202,IG,"d=2,T=0.1,t=5.0s",5.0,323,HEURISTIC,3.1948881789137378
pilot_b_tuning,job_correlated,30,5,2202,IG,"d=2,T=0.5,t=5.0s",5.0,327,HEURISTIC,4.472843450479233
pilot_b_tuning,job_correlated,30,5,2202,IG,"d=4,T=0.1,t=5.0s",5.0,319,HEURISTIC,1.9169329073482428
pilot_b_tuning,job_correlated,30,5,2202,IG,"d=4,T=0.5,t=5.0s",5.0,325,HEURISTIC,3.8338658146964857
pilot_b_tuning,job_correlated,30,5,2202,IG,"d=6,T=0.1,t=5.0s",5.0,320,HEURISTIC,2.2364217252396164
pilot_b_tuning,job_correlated,30,5,2202,IG,"d=6,T=0.5,t=5.0s",5.0,325,HEURISTIC,3.8338658146964857
pilot_b_tuning,job_correlated,30,5,2203,IG,"d=2,T=0.1,t=5.0s",5.0,337,HEURISTIC,2.1212121212121215
pilot_b_tuning,job_correlated,30,5,2203,IG,"d=2,T=0.5,t=5.0s",5.0,344,HEURISTIC,4.242424242424243
pilot_b_tuning,job_correlated,30,5,2203,IG,"d=4,T=0.1,t=5.0s",5.0,336,HEURISTIC,1.8181818181818181
pilot_b_tuning,job_correlated,30,5,2203,IG,"d=4,T=0.5,t=5.0s",5.0,342,HEURISTIC,3.6363636363636362
pilot_b_tuning,job_correlated,30,5,2203,IG,"d=6,T=0.1,t=5.0s",5.0,335,HEURISTIC,1.5151515151515151
pilot_b_tuning,job_correlated,30,5,2203,IG,"d=6,T=0.5,t=5.0s",5.0,343,HEURISTIC,3.939393939393939
pilot_b_tuning,uniform,30,5,2194,IG,"d=2,T=0.1,t=5.0s",5.0,164,HEURISTIC,7.18954248366013
pilot_b_tuning,uniform,30,5,2194,IG,"d=2,T=0.5,t=5.0s",5.0,163,HEURISTIC,6.535947712418301
pilot_b_tuning,uniform,30,5,2194,IG,"d=4,T=0.1,t=5.0s",5.0,163,HEURISTIC,6.535947712418301
pilot_b_tuning,uniform,30,5,2194,IG,"d=4,T=0.5,t=5.0s",5.0,163,HEURISTIC,6.535947712418301
pilot_b_tuning,uniform,30,5,2194,IG,"d=6,T=0.1,t=5.0s",5.0,163,HEURISTIC,6.535947712418301
pilot_b_tuning,uniform,30,5,2194,IG,"d=6,T=0.5,t=5.0s",5.0,163,HEURISTIC,6.535947712418301
pilot_b_tuning,uniform,30,5,2195,IG,"d=2,T=0.1,t=5.0s",5.0,184,HEURISTIC,6.358381502890173
pilot_b_tuning,uniform,30,5,2195,IG,"d=2,T=0.5,t=5.0s",5.0,182,HEURISTIC,5.202312138728324
pilot_b_tuning,uniform,30,5,2195,IG,"d=4,T=0.1,t=5.0s",5.0,182,HEURISTIC,5.202312138728324
pilot_b_tuning,uniform,30,5,2195,IG,"d=4,T=0.5,t=5.0s",5.0,181,HEURISTIC,4.624277456647398
pilot_b_tuning,uniform,30,5,2195,IG,"d=6,T=0.1,t=5.0s",5.0,181,HEURISTIC,4.624277456647398
pilot_b_tuning,uniform,30,5,2195,IG,"d=6,T=0.5,t=5.0s",5.0,181,HEURISTIC,4.624277456647398
pilot_b_tuning,uniform,30,5,2196,IG,"d=2,T=0.1,t=5.0s",5.0,163,HEURISTIC,8.666666666666668
pilot_b_tuning,uniform,30,5,2196,IG,"d=2,T=0.5,t=5.0s",5.0,158,HEURISTIC,5.333333333333334
pilot_b_tuning,uniform,30,5,2196,IG,"d=4,T=0.1,t=5.0s",5.0,158,HEURISTIC,5.333333333333334
pilot_b_tuning,uniform,30,5,2196,IG,"d=4,T=0.5,t=5.0s",5.0,157,HEURISTIC,4.666666666666667
pilot_b_tuning,uniform,30,5,2196,IG,"d=6,T=0.1,t=5.0s",5.0,157,HEURISTIC,4.666666666666667
pilot_b_tuning,uniform,30,5,2196,IG,"d=6,T=0.5,t=5.0s",5.0,157,HEURISTIC,4.666666666666667
pilot_b_tuning,uniform,30,5,2197,IG,"d=2,T=0.1,t=5.0s",5.0,151,HEURISTIC,10.218978102189782
pilot_b_tuning,uniform,30,5,2197,IG,"d=2,T=0.5,t=5.0s",5.0,149,HEURISTIC,8.75912408759124
pilot_b_tuning,uniform,30,5,2197,IG,"d=4,T=0.1,t=5.0s",5.0,149,HEURISTIC,8.75912408759124
pilot_b_tuning,uniform,30,5,2197,IG,"d=4,T=0.5,t=5.0s",5.0,149,HEURISTIC,8.75912408759124
pilot_b_tuning,uniform,30,5,2197,IG,"d=6,T=0.1,t=5.0s",5.0,149,HEURISTIC,8.75912408759124
pilot_b_tuning,uniform,30,5,2197,IG,"d=6,T=0.5,t=5.0s",5.0,149,HEURISTIC,8.75912408759124
pilot_b_tuning,uniform,30,5,2198,IG,"d=2,T=0.1,t=5.0s",5.0,187,HEURISTIC,6.857142857142858
pilot_b_tuning,uniform,30,5,2198,IG,"d=2,T=0.5,t=5.0s",5.0,187,HEURISTIC,6.857142857142858
pilot_b_tuning,uniform,30,5,2198,IG,"d=4,T=0.1,t=5.0s",5.0,186,HEURISTIC,6.2857142857142865
pilot_b_tuning,uniform,30,5,2198,IG,"d=4,T=0.5,t=5.0s",5.0,185,HEURISTIC,5.714285714285714
pilot_b_tuning,uniform,30,5,2198,IG,"d=6,T=0.1,t=5.0s",5.0,186,HEURISTIC,6.2857142857142865
pilot_b_tuning,uniform,30,5,2198,IG,"d=6,T=0.5,t=5.0s",5.0,185,HEURISTIC,5.714285714285714
pilot_b_tuning,job_correlated,50,4,2229,IG,"d=2,T=0.1,t=5.0s",5.0,590,HEURISTIC,1.7241379310344827
pilot_b_tuning,job_correlated,50,4,2229,IG,"d=2,T=0.5,t=5.0s",5.0,600,HEURISTIC,3.4482758620689653
pilot_b_tuning,job_correlated,50,4,2229,IG,"d=4,T=0.1,t=5.0s",5.0,588,HEURISTIC,1.3793103448275863
pilot_b_tuning,job_correlated,50,4,2229,IG,"d=4,T=0.5,t=5.0s",5.0,598,HEURISTIC,3.103448275862069
pilot_b_tuning,job_correlated,50,4,2229,IG,"d=6,T=0.1,t=5.0s",5.0,590,HEURISTIC,1.7241379310344827
pilot_b_tuning,job_correlated,50,4,2229,IG,"d=6,T=0.5,t=5.0s",5.0,602,HEURISTIC,3.793103448275862
pilot_b_tuning,job_correlated,50,4,2230,IG,"d=2,T=0.1,t=5.0s",5.0,723,HEURISTIC,2.263083451202263
pilot_b_tuning,job_correlated,50,4,2230,IG,"d=2,T=0.5,t=5.0s",5.0,732,HEURISTIC,3.536067892503536
pilot_b_tuning,job_correlated,50,4,2230,IG,"d=4,T=0.1,t=5.0s",5.0,718,HEURISTIC,1.5558698727015559
pilot_b_tuning,job_correlated,50,4,2230,IG,"d=4,T=0.5,t=5.0s",5.0,729,HEURISTIC,3.1117397454031117
pilot_b_tuning,job_correlated,50,4,2230,IG,"d=6,T=0.1,t=5.0s",5.0,716,HEURISTIC,1.272984441301273
pilot_b_tuning,job_correlated,50,4,2230,IG,"d=6,T=0.5,t=5.0s",5.0,730,HEURISTIC,3.253182461103253
pilot_b_tuning,job_correlated,50,4,2231,IG,"d=2,T=0.1,t=5.0s",5.0,591,HEURISTIC,2.072538860103627
pilot_b_tuning,job_correlated,50,4,2231,IG,"d=2,T=0.5,t=5.0s",5.0,598,HEURISTIC,3.281519861830743
pilot_b_tuning,job_correlated,50,4,2231,IG,"d=4,T=0.1,t=5.0s",5.0,587,HEURISTIC,1.381692573402418
pilot_b_tuning,job_correlated,50,4,2231,IG,"d=4,T=0.5,t=5.0s",5.0,594,HEURISTIC,2.5906735751295336
pilot_b_tuning,job_correlated,50,4,2231,IG,"d=6,T=0.1,t=5.0s",5.0,586,HEURISTIC,1.2089810017271159
pilot_b_tuning,job_correlated,50,4,2231,IG,"d=6,T=0.5,t=5.0s",5.0,599,HEURISTIC,3.454231433506045
pilot_b_tuning,job_correlated,50,4,2232,IG,"d=2,T=0.1,t=5.0s",5.0,689,HEURISTIC,2.225519287833828
pilot_b_tuning,job_correlated,50,4,2232,IG,"d=2,T=0.5,t=5.0s",5.0,696,HEURISTIC,3.2640949554896146
pilot_b_tuning,job_correlated,50,4,2232,IG,"d=4,T=0.1,t=5.0s",5.0,681,HEURISTIC,1.0385756676557862
pilot_b_tuning,job_correlated,50,4,2232,IG,"d=4,T=0.5,t=5.0s",5.0,696,HEURISTIC,3.2640949554896146
pilot_b_tuning,job_correlated,50,4,2232,IG,"d=6,T=0.1,t=5.0s",5.0,682,HEURISTIC,1.1869436201780417
pilot_b_tuning,job_correlated,50,4,2232,IG,"d=6,T=0.5,t=5.0s",5.0,694,HEURISTIC,2.967359050445104
pilot_b_tuning,job_correlated,50,4,2233,IG,"d=2,T=0.1,t=5.0s",5.0,662,HEURISTIC,2.3183925811437405
pilot_b_tuning,job_correlated,50,4,2233,IG,"d=2,T=0.5,t=5.0s",5.0,670,HEURISTIC,3.554868624420402
pilot_b_tuning,job_correlated,50,4,2233,IG,"d=4,T=0.1,t=5.0s",5.0,658,HEURISTIC,1.7001545595054095
pilot_b_tuning,job_correlated,50,4,2233,IG,"d=4,T=0.5,t=5.0s",5.0,673,HEURISTIC,4.01854714064915
pilot_b_tuning,job_correlated,50,4,2233,IG,"d=6,T=0.1,t=5.0s",5.0,656,HEURISTIC,1.3910355486862442
pilot_b_tuning,job_correlated,50,4,2233,IG,"d=6,T=0.5,t=5.0s",5.0,672,HEURISTIC,3.863987635239567
pilot_b_tuning,uniform,50,4,2224,IG,"d=2,T=0.1,t=5.0s",5.0,355,HEURISTIC,2.601156069364162
pilot_b_tuning,uniform,50,4,2224,IG,"d=2,T=0.5,t=5.0s",5.0,356,HEURISTIC,2.8901734104046244
pilot_b_tuning,uniform,50,4,2224,IG,"d=4,T=0.1,t=5.0s",5.0,355,HEURISTIC,2.601156069364162
pilot_b_tuning,uniform,50,4,2224,IG,"d=4,T=0.5,t=5.0s",5.0,356,HEURISTIC,2.8901734104046244
pilot_b_tuning,uniform,50,4,2224,IG,"d=6,T=0.1,t=5.0s",5.0,355,HEURISTIC,2.601156069364162
pilot_b_tuning,uniform,50,4,2224,IG,"d=6,T=0.5,t=5.0s",5.0,355,HEURISTIC,2.601156069364162
pilot_b_tuning,uniform,50,4,2225,IG,"d=2,T=0.1,t=5.0s",5.0,355,HEURISTIC,5.970149253731343
pilot_b_tuning,uniform,50,4,2225,IG,"d=2,T=0.5,t=5.0s",5.0,355,HEURISTIC,5.970149253731343
pilot_b_tuning,uniform,50,4,2225,IG,"d=4,T=0.1,t=5.0s",5.0,353,HEURISTIC,5.3731343283582085
pilot_b_tuning,uniform,50,4,2225,IG,"d=4,T=0.5,t=5.0s",5.0,353,HEURISTIC,5.3731343283582085
pilot_b_tuning,uniform,50,4,2225,IG,"d=6,T=0.1,t=5.0s",5.0,353,HEURISTIC,5.3731343283582085
pilot_b_tuning,uniform,50,4,2225,IG,"d=6,T=0.5,t=5.0s",5.0,352,HEURISTIC,5.074626865671641
pilot_b_tuning,uniform,50,4,2226,IG,"d=2,T=0.1,t=5.0s",5.0,350,HEURISTIC,3.5502958579881656
pilot_b_tuning,uniform,50,4,2226,IG,"d=2,T=0.5,t=5.0s",5.0,350,HEURISTIC,3.5502958579881656
pilot_b_tuning,uniform,50,4,2226,IG,"d=4,T=0.1,t=5.0s",5.0,350,HEURISTIC,3.5502958579881656
pilot_b_tuning,uniform,50,4,2226,IG,"d=4,T=0.5,t=5.0s",5.0,353,HEURISTIC,4.437869822485207
pilot_b_tuning,uniform,50,4,2226,IG,"d=6,T=0.1,t=5.0s",5.0,351,HEURISTIC,3.8461538461538463
pilot_b_tuning,uniform,50,4,2226,IG,"d=6,T=0.5,t=5.0s",5.0,352,HEURISTIC,4.142011834319527
pilot_b_tuning,uniform,50,4,2227,IG,"d=2,T=0.1,t=5.0s",5.0,357,HEURISTIC,2.586206896551724
pilot_b_tuning,uniform,50,4,2227,IG,"d=2,T=0.5,t=5.0s",5.0,357,HEURISTIC,2.586206896551724
pilot_b_tuning,uniform,50,4,2227,IG,"d=4,T=0.1,t=5.0s",5.0,357,HEURISTIC,2.586206896551724
pilot_b_tuning,uniform,50,4,2227,IG,"d=4,T=0.5,t=5.0s",5.0,357,HEURISTIC,2.586206896551724
pilot_b_tuning,uniform,50,4,2227,IG,"d=6,T=0.1,t=5.0s",5.0,357,HEURISTIC,2.586206896551724
pilot_b_tuning,uniform,50,4,2227,IG,"d=6,T=0.5,t=5.0s",5.0,357,HEURISTIC,2.586206896551724
pilot_b_tuning,uniform,50,4,2228,IG,"d=2,T=0.1,t=5.0s",5.0,321,HEURISTIC,3.8834951456310676
pilot_b_tuning,uniform,50,4,2228,IG,"d=2,T=0.5,t=5.0s",5.0,319,HEURISTIC,3.2362459546925564
pilot_b_tuning,uniform,50,4,2228,IG,"d=4,T=0.1,t=5.0s",5.0,319,HEURISTIC,3.2362459546925564
pilot_b_tuning,uniform,50,4,2228,IG,"d=4,T=0.5,t=5.0s",5.0,319,HEURISTIC,3.2362459546925564
pilot_b_tuning,uniform,50,4,2228,IG,"d=6,T=0.1,t=5.0s",5.0,319,HEURISTIC,3.2362459546925564
pilot_b_tuning,uniform,50,4,2228,IG,"d=6,T=0.5,t=5.0s",5.0,320,HEURISTIC,3.559870550161812
pilot_b_tuning,job_correlated,50,5,2239,IG,"d=2,T=0.1,t=5.0s",5.0,570,HEURISTIC,3.260869565217391
pilot_b_tuning,job_correlated,50,5,2239,IG,"d=2,T=0.5,t=5.0s",5.0,583,HEURISTIC,5.615942028985507
pilot_b_tuning,job_correlated,50,5,2239,IG,"d=4,T=0.1,t=5.0s",5.0,563,HEURISTIC,1.9927536231884055
pilot_b_tuning,job_correlated,50,5,2239,IG,"d=4,T=0.5,t=5.0s",5.0,583,HEURISTIC,5.615942028985507
pilot_b_tuning,job_correlated,50,5,2239,IG,"d=6,T=0.1,t=5.0s",5.0,565,HEURISTIC,2.355072463768116
pilot_b_tuning,job_correlated,50,5,2239,IG,"d=6,T=0.5,t=5.0s",5.0,583,HEURISTIC,5.615942028985507
pilot_b_tuning,job_correlated,50,5,2240,IG,"d=2,T=0.1,t=5.0s",5.0,547,HEURISTIC,3.207547169811321
pilot_b_tuning,job_correlated,50,5,2240,IG,"d=2,T=0.5,t=5.0s",5.0,557,HEURISTIC,5.09433962264151
pilot_b_tuning,job_correlated,50,5,2240,IG,"d=4,T=0.1,t=5.0s",5.0,538,HEURISTIC,1.509433962264151
pilot_b_tuning,job_correlated,50,5,2240,IG,"d=4,T=0.5,t=5.0s",5.0,554,HEURISTIC,4.528301886792453
pilot_b_tuning,job_correlated,50,5,2240,IG,"d=6,T=0.1,t=5.0s",5.0,540,HEURISTIC,1.8867924528301887
pilot_b_tuning,job_correlated,50,5,2240,IG,"d=6,T=0.5,t=5.0s",5.0,552,HEURISTIC,4.150943396226415
pilot_b_tuning,job_correlated,50,5,2241,IG,"d=2,T=0.1,t=5.0s",5.0,485,HEURISTIC,2.536997885835095
pilot_b_tuning,job_correlated,50,5,2241,IG,"d=2,T=0.5,t=5.0s",5.0,495,HEURISTIC,4.651162790697675
pilot_b_tuning,job_correlated,50,5,2241,IG,"d=4,T=0.1,t=5.0s",5.0,481,HEURISTIC,1.6913319238900635
pilot_b_tuning,job_correlated,50,5,2241,IG,"d=4,T=0.5,t=5.0s",5.0,491,HEURISTIC,3.8054968287526427
pilot_b_tuning,job_correlated,50,5,2241,IG,"d=6,T=0.1,t=5.0s",5.0,480,HEURISTIC,1.4799154334038054
pilot_b_tuning,job_correlated,50,5,2241,IG,"d=6,T=0.5,t=5.0s",5.0,496,HEURISTIC,4.862579281183932
pilot_b_tuning,job_correlated,50,5,2242,IG,"d=2,T=0.1,t=5.0s",5.0,536,HEURISTIC,2.2900763358778624
pilot_b_tuning,job_correlated,50,5,2242,IG,"d=2,T=0.5,t=5.0s",5.0,542,HEURISTIC,3.435114503816794
pilot_b_tuning,job_correlated,50,5,2242,IG,"d=4,T=0.1,t=5.0s",5.0,531,HEURISTIC,1.3358778625954197
pilot_b_tuning,job_correlated,50,5,2242,IG,"d=4,T=0.5,t=5.0s",5.0,549,HEURISTIC,4.770992366412214
pilot_b_tuning,job_correlated,50,5,2242,IG,"d=6,T=0.1,t=5.0s",5.0,533,HEURISTIC,1.717557251908397
pilot_b_tuning,job_correlated,50,5,2242,IG,"d=6,T=0.5,t=5.0s",5.0,545,HEURISTIC,4.007633587786259
pilot_b_tuning,job_correlated,50,5,2243,IG,"d=2,T=0.1,t=5.0s",5.0,522,HEURISTIC,2.5540275049115913
pilot_b_tuning,job_correlated,50,5,2243,IG,"d=2,T=0.5,t=5.0s",5.0,536,HEURISTIC,5.304518664047151
pilot_b_tuning,job_correlated,50,5,2243,IG,"d=4,T=0.1,t=5.0s",5.0,516,HEURISTIC,1.37524557956778
pilot_b_tuning,job_correlated,50,5,2243,IG,"d=4,T=0.5,t=5.0s",5.0,534,HEURISTIC,4.911591355599214
pilot_b_tuning,job_correlated,50,5,2243,IG,"d=6,T=0.1,t=5.0s",5.0,519,HEURISTIC,1.9646365422396856
pilot_b_tuning,job_correlated,50,5,2243,IG,"d=6,T=0.5,t=5.0s",5.0,538,HEURISTIC,5.697445972495088
pilot_b_tuning,uniform,50,5,2234,IG,"d=2,T=0.1,t=5.0s",5.0,236,HEURISTIC,4.888888888888889
pilot_b_tuning,uniform,50,5,2234,IG,"d=2,T=0.5,t=5.0s",5.0,239,HEURISTIC,6.222222222222222
pilot_b_tuning,uniform,50,5,2234,IG,"d=4,T=0.1,t=5.0s",5.0,236,HEURISTIC,4.888888888888889
pilot_b_tuning,uniform,50,5,2234,IG,"d=4,T=0.5,t=5.0s",5.0,236,HEURISTIC,4.888888888888889
pilot_b_tuning,uniform,50,5,2234,IG,"d=6,T=0.1,t=5.0s",5.0,236,HEURISTIC,4.888888888888889
pilot_b_tuning,uniform,50,5,2234,IG,"d=6,T=0.5,t=5.0s",5.0,236,HEURISTIC,4.888888888888889
pilot_b_tuning,uniform,50,5,2235,IG,"d=2,T=0.1,t=5.0s",5.0,318,HEURISTIC,4.605263157894736
pilot_b_tuning,uniform,50,5,2235,IG,"d=2,T=0.5,t=5.0s",5.0,318,HEURISTIC,4.605263157894736
pilot_b_tuning,uniform,50,5,2235,IG,"d=4,T=0.1,t=5.0s",5.0,313,HEURISTIC,2.9605263157894735
pilot_b_tuning,uniform,50,5,2235,IG,"d=4,T=0.5,t=5.0s",5.0,315,HEURISTIC,3.618421052631579
pilot_b_tuning,uniform,50,5,2235,IG,"d=6,T=0.1,t=5.0s",5.0,312,HEURISTIC,2.631578947368421
pilot_b_tuning,uniform,50,5,2235,IG,"d=6,T=0.5,t=5.0s",5.0,316,HEURISTIC,3.9473684210526314
pilot_b_tuning,uniform,50,5,2236,IG,"d=2,T=0.1,t=5.0s",5.0,272,HEURISTIC,5.426356589147287
pilot_b_tuning,uniform,50,5,2236,IG,"d=2,T=0.5,t=5.0s",5.0,271,HEURISTIC,5.038759689922481
pilot_b_tuning,uniform,50,5,2236,IG,"d=4,T=0.1,t=5.0s",5.0,262,HEURISTIC,1.550387596899225
pilot_b_tuning,uniform,50,5,2236,IG,"d=4,T=0.5,t=5.0s",5.0,262,HEURISTIC,1.550387596899225
pilot_b_tuning,uniform,50,5,2236,IG,"d=6,T=0.1,t=5.0s",5.0,262,HEURISTIC,1.550387596899225
pilot_b_tuning,uniform,50,5,2236,IG,"d=6,T=0.5,t=5.0s",5.0,265,HEURISTIC,2.7131782945736433
pilot_b_tuning,uniform,50,5,2237,IG,"d=2,T=0.1,t=5.0s",5.0,274,HEURISTIC,4.580152671755725
pilot_b_tuning,uniform,50,5,2237,IG,"d=2,T=0.5,t=5.0s",5.0,275,HEURISTIC,4.961832061068702
pilot_b_tuning,uniform,50,5,2237,IG,"d=4,T=0.1,t=5.0s",5.0,273,HEURISTIC,4.198473282442748
pilot_b_tuning,uniform,50,5,2237,IG,"d=4,T=0.5,t=5.0s",5.0,274,HEURISTIC,4.580152671755725
pilot_b_tuning,uniform,50,5,2237,IG,"d=6,T=0.1,t=5.0s",5.0,272,HEURISTIC,3.816793893129771
pilot_b_tuning,uniform,50,5,2237,IG,"d=6,T=0.5,t=5.0s",5.0,274,HEURISTIC,4.580152671755725
pilot_b_tuning,uniform,50,5,2238,IG,"d=2,T=0.1,t=5.0s",5.0,295,HEURISTIC,6.115107913669065
pilot_b_tuning,uniform,50,5,2238,IG,"d=2,T=0.5,t=5.0s",5.0,294,HEURISTIC,5.755395683453238
pilot_b_tuning,uniform,50,5,2238,IG,"d=4,T=0.1,t=5.0s",5.0,291,HEURISTIC,4.676258992805756
pilot_b_tuning,uniform,50,5,2238,IG,"d=4,T=0.5,t=5.0s",5.0,292,HEURISTIC,5.0359712230215825
pilot_b_tuning,uniform,50,5,2238,IG,"d=6,T=0.1,t=5.0s",5.0,289,HEURISTIC,3.9568345323741005
pilot_b_tuning,uniform,50,5,2238,IG,"d=6,T=0.5,t=5.0s",5.0,292,HEURISTIC,5.0359712230215825
pilot_b_tuning,job_correlated,100,4,2269,IG,"d=2,T=0.1,t=5.0s",5.0,1295,HEURISTIC,2.209944751381215
pilot_b_tuning,job_correlated,100,4,2269,IG,"d=2,T=0.5,t=5.0s",5.0,1313,HEURISTIC,3.6306235201262824
pilot_b_tuning,job_correlated,100,4,2269,IG,"d=4,T=0.1,t=5.0s",5.0,1282,HEURISTIC,1.1838989739542225
pilot_b_tuning,job_correlated,100,4,2269,IG,"d=4,T=0.5,t=5.0s",5.0,1315,HEURISTIC,3.7884767166535127
pilot_b_tuning,job_correlated,100,4,2269,IG,"d=6,T=0.1,t=5.0s",5.0,1278,HEURISTIC,0.8681925808997633
pilot_b_tuning,job_correlated,100,4,2269,IG,"d=6,T=0.5,t=5.0s",5.0,1317,HEURISTIC,3.946329913180742
pilot_b_tuning,job_correlated,100,4,2270,IG,"d=2,T=0.1,t=5.0s",5.0,1410,HEURISTIC,2.3222060957910013
pilot_b_tuning,job_correlated,100,4,2270,IG,"d=2,T=0.5,t=5.0s",5.0,1436,HEURISTIC,4.2089985486211905
pilot_b_tuning,job_correlated,100,4,2270,IG,"d=4,T=0.1,t=5.0s",5.0,1391,HEURISTIC,0.9433962264150944
pilot_b_tuning,job_correlated,100,4,2270,IG,"d=4,T=0.5,t=5.0s",5.0,1440,HEURISTIC,4.499274310595065
pilot_b_tuning,job_correlated,100,4,2270,IG,"d=6,T=0.1,t=5.0s",5.0,1395,HEURISTIC,1.2336719883889695
pilot_b_tuning,job_correlated,100,4,2270,IG,"d=6,T=0.5,t=5.0s",5.0,1454,HEURISTIC,5.515239477503629
pilot_b_tuning,job_correlated,100,4,2271,IG,"d=2,T=0.1,t=5.0s",5.0,1166,HEURISTIC,1.8340611353711789
pilot_b_tuning,job_correlated,100,4,2271,IG,"d=2,T=0.5,t=5.0s",5.0,1196,HEURISTIC,4.45414847161572
pilot_b_tuning,job_correlated,100,4,2271,IG,"d=4,T=0.1,t=5.0s",5.0,1154,HEURISTIC,0.7860262008733625
pilot_b_tuning,job_correlated,100,4,2271,IG,"d=4,T=0.5,t=5.0s",5.0,1188,HEURISTIC,3.755458515283843
pilot_b_tuning,job_correlated,100,4,2271,IG,"d=6,T=0.1,t=5.0s",5.0,1152,HEURISTIC,0.611353711790393
pilot_b_tuning,job_correlated,100,4,2271,IG,"d=6,T=0.5,t=5.0s",5.0,1187,HEURISTIC,3.6681222707423577
pilot_b_tuning,job_correlated,100,4,2272,IG,"d=2,T=0.1,t=5.0s",5.0,1283,HEURISTIC,1.4229249011857708
pilot_b_tuning,job_correlated,100,4,2272,IG,"d=2,T=0.5,t=5.0s",5.0,1307,HEURISTIC,3.320158102766799
pilot_b_tuning,job_correlated,100,4,2272,IG,"d=4,T=0.1,t=5.0s",5.0,1278,HEURISTIC,1.0276679841897234
pilot_b_tuning,job_correlated,100,4,2272,IG,"d=4,T=0.5,t=5.0s",5.0,1319,HEURISTIC,4.2687747035573125
pilot_b_tuning,job_correlated,100,4,2272,IG,"d=6,T=0.1,t=5.0s",5.0,1274,HEURISTIC,0.7114624505928854
pilot_b_tuning,job_correlated,100,4,2272,IG,"d=6,T=0.5,t=5.0s",5.0,1320,HEURISTIC,4.3478260869565215
pilot_b_tuning,job_correlated,100,4,2273,IG,"d=2,T=0.1,t=5.0s",5.0,1256,HEURISTIC,1.8653690186536902
pilot_b_tuning,job_correlated,100,4,2273,IG,"d=2,T=0.5,t=5.0s",5.0,1276,HEURISTIC,3.4874290348742907
pilot_b_tuning,job_correlated,100,4,2273,IG,"d=4,T=0.1,t=5.0s",5.0,1242,HEURISTIC,0.7299270072992701
pilot_b_tuning,job_correlated,100,4,2273,IG,"d=4,T=0.5,t=5.0s",5.0,1278,HEURISTIC,3.64963503649635
pilot_b_tuning,job_correlated,100,4,2273,IG,"d=6,T=0.1,t=5.0s",5.0,1242,HEURISTIC,0.7299270072992701
pilot_b_tuning,job_correlated,100,4,2273,IG,"d=6,T=0.5,t=5.0s",5.0,1281,HEURISTIC,3.8929440389294405
pilot_b_tuning,uniform,100,4,2264,IG,"d=2,T=0.1,t=5.0s",5.0,687,HEURISTIC,3.9334341906202726
pilot_b_tuning,uniform,100,4,2264,IG,"d=2,T=0.5,t=5.0s",5.0,698,HEURISTIC,5.597579425113464
pilot_b_tuning,uniform,100,4,2264,IG,"d=4,T=0.1,t=5.0s",5.0,678,HEURISTIC,2.5718608169440245
pilot_b_tuning,uniform,100,4,2264,IG,"d=4,T=0.5,t=5.0s",5.0,684,HEURISTIC,3.479576399394856
pilot_b_tuning,uniform,100,4,2264,IG,"d=6,T=0.1,t=5.0s",5.0,678,HEURISTIC,2.5718608169440245
pilot_b_tuning,uniform,100,4,2264,IG,"d=6,T=0.5,t=5.0s",5.0,685,HEURISTIC,3.6308623298033282
pilot_b_tuning,uniform,100,4,2265,IG,"d=2,T=0.1,t=5.0s",5.0,759,HEURISTIC,3.6885245901639343
pilot_b_tuning,uniform,100,4,2265,IG,"d=2,T=0.5,t=5.0s",5.0,750,HEURISTIC,2.459016393442623
pilot_b_tuning,uniform,100,4,2265,IG,"d=4,T=0.1,t=5.0s",5.0,740,HEURISTIC,1.092896174863388
pilot_b_tuning,uniform,100,4,2265,IG,"d=4,T=0.5,t=5.0s",5.0,749,HEURISTIC,2.3224043715846996
pilot_b_tuning,uniform,100,4,2265,IG,"d=6,T=0.1,t=5.0s",5.0,742,HEURISTIC,1.366120218579235
pilot_b_tuning,uniform,100,4,2265,IG,"d=6,T=0.5,t=5.0s",5.0,752,HEURISTIC,2.73224043715847
pilot_b_tuning,uniform,100,4,2266,IG,"d=2,T=0.1,t=5.0s",5.0,693,HEURISTIC,2.514792899408284
pilot_b_tuning,uniform,100,4,2266,IG,"d=2,T=0.5,t=5.0s",5.0,692,HEURISTIC,2.366863905325444
pilot_b_tuning,uniform,100,4,2266,IG,"d=4,T=0.1,t=5.0s",5.0,684,HEURISTIC,1.183431952662722
pilot_b_tuning,uniform,100,4,2266,IG,"d=4,T=0.5,t=5.0s",5.0,688,HEURISTIC,1.7751479289940828
pilot_b_tuning,uniform,100,4,2266,IG,"d=6,T=0.1,t=5.0s",5.0,683,HEURISTIC,1.0355029585798818
pilot_b_tuning,uniform,100,4,2266,IG,"d=6,T=0.5,t=5.0s",5.0,692,HEURISTIC,2.366863905325444
pilot_b_tuning,uniform,100,4,2267,IG,"d=2,T=0.1,t=5.0s",5.0,661,HEURISTIC,4.094488188976378
pilot_b_tuning,uniform,100,4,2267,IG,"d=2,T=0.5,t=5.0s",5.0,648,HEURISTIC,2.047244094488189
pilot_b_tuning,uniform,100,4,2267,IG,"d=4,T=0.1,t=5.0s",5.0,644,HEURISTIC,1.4173228346456692
pilot_b_tuning,uniform,100,4,2267,IG,"d=4,T=0.5,t=5.0s",5.0,652,HEURISTIC,2.677165354330709
pilot_b_tuning,uniform,100,4,2267,IG,"d=6,T=0.1,t=5.0s",5.0,644,HEURISTIC,1.4173228346456692
pilot_b_tuning,uniform,100,4,2267,IG,"d=6,T=0.5,t=5.0s",5.0,649,HEURISTIC,2.204724409448819
pilot_b_tuning,uniform,100,4,2268,IG,"d=2,T=0.1,t=5.0s",5.0,700,HEURISTIC,2.6392961876832843
pilot_b_tuning,uniform,100,4,2268,IG,"d=2,T=0.5,t=5.0s",5.0,701,HEURISTIC,2.785923753665689
pilot_b_tuning,uniform,100,4,2268,IG,"d=4,T=0.1,t=5.0s",5.0,696,HEURISTIC,2.0527859237536656
pilot_b_tuning,uniform,100,4,2268,IG,"d=4,T=0.5,t=5.0s",5.0,700,HEURISTIC,2.6392961876832843
pilot_b_tuning,uniform,100,4,2268,IG,"d=6,T=0.1,t=5.0s",5.0,692,HEURISTIC,1.466275659824047
pilot_b_tuning,uniform,100,4,2268,IG,"d=6,T=0.5,t=5.0s",5.0,700,HEURISTIC,2.6392961876832843
pilot_b_tuning,job_correlated,100,5,2279,IG,"d=2,T=0.1,t=5.0s",5.0,1113,HEURISTIC,3.4386617100371746
pilot_b_tuning,job_correlated,100,5,2279,IG,"d=2,T=0.5,t=5.0s",5.0,1146,HEURISTIC,6.5055762081784385
pilot_b_tuning,job_correlated,100,5,2279,IG,"d=4,T=0.1,t=5.0s",5.0,1092,HEURISTIC,1.486988847583643
pilot_b_tuning,job_correlated,100,5,2279,IG,"d=4,T=0.5,t=5.0s",5.0,1129,HEURISTIC,4.925650557620818
pilot_b_tuning,job_correlated,100,5,2279,IG,"d=6,T=0.1,t=5.0s",5.0,1093,HEURISTIC,1.5799256505576207
pilot_b_tuning,job_correlated,100,5,2279,IG,"d=6,T=0.5,t=5.0s",5.0,1143,HEURISTIC,6.226765799256506
pilot_b_tuning,job_correlated,100,5,2280,IG,"d=2,T=0.1,t=5.0s",5.0,1032,HEURISTIC,3.303303303303303
pilot_b_tuning,job_correlated,100,5,2280,IG,"d=2,T=0.5,t=5.0s",5.0,1060,HEURISTIC,6.106106106106106
pilot_b_tuning,job_correlated,100,5,2280,IG,"d=4,T=0.1,t=5.0s",5.0,1013,HEURISTIC,1.4014014014014013
pilot_b_tuning,job_correlated,100,5,2280,IG,"d=4,T=0.5,t=5.0s",5.0,1049,HEURISTIC,5.005005005005005
pilot_b_tuning,job_correlated,100,5,2280,IG,"d=6,T=0.1,t=5.0s",5.0,1015,HEURISTIC,1.6016016016016015
pilot_b_tuning,job_correlated,100,5,2280,IG,"d=6,T=0.5,t=5.0s",5.0,1054,HEURISTIC,5.505505505505505
pilot_b_tuning,job_correlated,100,5,2281,IG,"d=2,T=0.1,t=5.0s",5.0,1048,HEURISTIC,3.048180924287119
pilot_b_tuning,job_correlated,100,5,2281,IG,"d=2,T=0.5,t=5.0s",5.0,1064,HEURISTIC,4.621435594886923
pilot_b_tuning,job_correlated,100,5,2281,IG,"d=4,T=0.1,t=5.0s",5.0,1036,HEURISTIC,1.8682399213372665
pilot_b_tuning,job_correlated,100,5,2281,IG,"d=4,T=0.5,t=5.0s",5.0,1074,HEURISTIC,5.604719764011799
pilot_b_tuning,job_correlated,100,5,2281,IG,"d=6,T=0.1,t=5.0s",5.0,1040,HEURISTIC,2.2615535889872174
pilot_b_tuning,job_correlated,100,5,2281,IG,"d=6,T=0.5,t=5.0s",5.0,1064,HEURISTIC,4.621435594886923
pilot_b_tuning,job_correlated,100,5,2282,IG,"d=2,T=0.1,t=5.0s",5.0,947,HEURISTIC,2.823018458197611
pilot_b_tuning,job_correlated,100,5,2282,IG,"d=2,T=0.5,t=5.0s",5.0,966,HEURISTIC,4.88599348534202
pilot_b_tuning,job_correlated,100,5,2282,IG,"d=4,T=0.1,t=5.0s",5.0,936,HEURISTIC,1.6286644951140066
pilot_b_tuning,job_correlated,100,5,2282,IG,"d=4,T=0.5,t=5.0s",5.0,958,HEURISTIC,4.017372421281216
pilot_b_tuning,job_correlated,100,5,2282,IG,"d=6,T=0.1,t=5.0s",5.0,937,HEURISTIC,1.737242128121607
pilot_b_tuning,job_correlated,100,5,2282,IG,"d=6,T=0.5,t=5.0s",5.0,975,HEURISTIC,5.863192182410423
pilot_b_tuning,job_correlated,100,5,2283,IG,"d=2,T=0.1,t=5.0s",5.0,992,HEURISTIC,1.9527235354573484
pilot_b_tuning,job_correlated,100,5,2283,IG,"d=2,T=0.5,t=5.0s",5.0,1033,HEURISTIC,6.166495375128469
pilot_b_tuning,job_correlated,100,5,2283,IG,"d=4,T=0.1,t=5.0s",5.0,987,HEURISTIC,1.4388489208633095
pilot_b_tuning,job_correlated,100,5,2283,IG,"d=4,T=0.5,t=5.0s",5.0,1018,HEURISTIC,4.6248715313463515
pilot_b_tuning,job_correlated,100,5,2283,IG,"d=6,T=0.1,t=5.0s",5.0,987,HEURISTIC,1.4388489208633095
pilot_b_tuning,job_correlated,100,5,2283,IG,"d=6,T=0.5,t=5.0s",5.0,1028,HEURISTIC,5.65262076053443
pilot_b_tuning,uniform,100,5,2274,IG,"d=2,T=0.1,t=5.0s",5.0,534,HEURISTIC,6.58682634730539
pilot_b_tuning,uniform,100,5,2274,IG,"d=2,T=0.5,t=5.0s",5.0,519,HEURISTIC,3.592814371257485
pilot_b_tuning,uniform,100,5,2274,IG,"d=4,T=0.1,t=5.0s",5.0,514,HEURISTIC,2.5948103792415167
pilot_b_tuning,uniform,100,5,2274,IG,"d=4,T=0.5,t=5.0s",5.0,521,HEURISTIC,3.992015968063872
pilot_b_tuning,uniform,100,5,2274,IG,"d=6,T=0.1,t=5.0s",5.0,513,HEURISTIC,2.3952095808383236
pilot_b_tuning,uniform,100,5,2274,IG,"d=6,T=0.5,t=5.0s",5.0,518,HEURISTIC,3.3932135728542914
pilot_b_tuning,uniform,100,5,2275,IG,"d=2,T=0.1,t=5.0s",5.0,498,HEURISTIC,2.2587268993839835
pilot_b_tuning,uniform,100,5,2275,IG,"d=2,T=0.5,t=5.0s",5.0,508,HEURISTIC,4.312114989733059
pilot_b_tuning,uniform,100,5,2275,IG,"d=4,T=0.1,t=5.0s",5.0,497,HEURISTIC,2.0533880903490758
pilot_b_tuning,uniform,100,5,2275,IG,"d=4,T=0.5,t=5.0s",5.0,506,HEURISTIC,3.9014373716632447
pilot_b_tuning,uniform,100,5,2275,IG,"d=6,T=0.1,t=5.0s",5.0,495,HEURISTIC,1.642710472279261
pilot_b_tuning,uniform,100,5,2275,IG,"d=6,T=0.5,t=5.0s",5.0,505,HEURISTIC,3.696098562628337
pilot_b_tuning,uniform,100,5,2276,IG,"d=2,T=0.1,t=5.0s",5.0,475,HEURISTIC,2.3706896551724137
pilot_b_tuning,uniform,100,5,2276,IG,"d=2,T=0.5,t=5.0s",5.0,485,HEURISTIC,4.525862068965517
pilot_b_tuning,uniform,100,5,2276,IG,"d=4,T=0.1,t=5.0s",5.0,476,HEURISTIC,2.586206896551724
pilot_b_tuning,uniform,100,5,2276,IG,"d=4,T=0.5,t=5.0s",5.0,480,HEURISTIC,3.4482758620689653
pilot_b_tuning,uniform,100,5,2276,IG,"d=6,T=0.1,t=5.0s",5.0,472,HEURISTIC,1.7241379310344827
pilot_b_tuning,uniform,100,5,2276,IG,"d=6,T=0.5,t=5.0s",5.0,478,HEURISTIC,3.0172413793103448
pilot_b_tuning,uniform,100,5,2277,IG,"d=2,T=0.1,t=5.0s",5.0,508,HEURISTIC,4.958677685950414
pilot_b_tuning,uniform,100,5,2277,IG,"d=2,T=0.5,t=5.0s",5.0,502,HEURISTIC,3.71900826446281
pilot_b_tuning,uniform,100,5,2277,IG,"d=4,T=0.1,t=5.0s",5.0,493,HEURISTIC,1.859504132231405
pilot_b_tuning,uniform,100,5,2277,IG,"d=4,T=0.5,t=5.0s",5.0,499,HEURISTIC,3.0991735537190084
pilot_b_tuning,uniform,100,5,2277,IG,"d=6,T=0.1,t=5.0s",5.0,495,HEURISTIC,2.272727272727273
pilot_b_tuning,uniform,100,5,2277,IG,"d=6,T=0.5,t=5.0s",5.0,496,HEURISTIC,2.479338842975207
pilot_b_tuning,uniform,100,5,2278,IG,"d=2,T=0.1,t=5.0s",5.0,468,HEURISTIC,3.5398230088495577
pilot_b_tuning,uniform,100,5,2278,IG,"d=2,T=0.5,t=5.0s",5.0,471,HEURISTIC,4.20353982300885
pilot_b_tuning,uniform,100,5,2278,IG,"d=4,T=0.1,t=5.0s",5.0,461,HEURISTIC,1.991150442477876
pilot_b_tuning,uniform,100,5,2278,IG,"d=4,T=0.5,t=5.0s",5.0,470,HEURISTIC,3.982300884955752
pilot_b_tuning,uniform,100,5,2278,IG,"d=6,T=0.1,t=5.0s",5.0,464,HEURISTIC,2.6548672566371683
pilot_b_tuning,uniform,100,5,2278,IG,"d=6,T=0.5,t=5.0s",5.0,468,HEURISTIC,3.5398230088495577
pilot_b_tuning,job_correlated,200,4,2309,IG,"d=2,T=0.1,t=5.0s",5.0,2551,HEURISTIC,2.532154340836013
pilot_b_tuning,job_correlated,200,4,2309,IG,"d=2,T=0.5,t=5.0s",5.0,2610,HEURISTIC,4.903536977491962
pilot_b_tuning,job_correlated,200,4,2309,IG,"d=4,T=0.1,t=5.0s",5.0,2506,HEURISTIC,0.7234726688102894
pilot_b_tuning,job_correlated,200,4,2309,IG,"d=4,T=0.5,t=5.0s",5.0,2602,HEURISTIC,4.581993569131833
pilot_b_tuning,job_correlated,200,4,2309,IG,"d=6,T=0.1,t=5.0s",5.0,2516,HEURISTIC,1.1254019292604502
pilot_b_tuning,job_correlated,200,4,2309,IG,"d=6,T=0.5,t=5.0s",5.0,2614,HEURISTIC,5.064308681672026
pilot_b_tuning,job_correlated,200,4,2310,IG,"d=2,T=0.1,t=5.0s",5.0,2823,HEURISTIC,2.954048140043764
pilot_b_tuning,job_correlated,200,4,2310,IG,"d=2,T=0.5,t=5.0s",5.0,2873,HEURISTIC,4.777534646243618
pilot_b_tuning,job_correlated,200,4,2310,IG,"d=4,T=0.1,t=5.0s",5.0,2774,HEURISTIC,1.1670313639679066
pilot_b_tuning,job_correlated,200,4,2310,IG,"d=4,T=0.5,t=5.0s",5.0,2853,HEURISTIC,4.048140043763676
pilot_b_tuning,job_correlated,200,4,2310,IG,"d=6,T=0.1,t=5.0s",5.0,2777,HEURISTIC,1.2764405543398978
pilot_b_tuning,job_correlated,200,4,2310,IG,"d=6,T=0.5,t=5.0s",5.0,2864,HEURISTIC,4.449307075127644
pilot_b_tuning,job_correlated,200,4,2311,IG,"d=2,T=0.1,t=5.0s",5.0,2445,HEURISTIC,3.034134007585335
pilot_b_tuning,job_correlated,200,4,2311,IG,"d=2,T=0.5,t=5.0s",5.0,2486,HEURISTIC,4.761904761904762
pilot_b_tuning,job_correlated,200,4,2311,IG,"d=4,T=0.1,t=5.0s",5.0,2404,HEURISTIC,1.3063632532659082
pilot_b_tuning,job_correlated,200,4,2311,IG,"d=4,T=0.5,t=5.0s",5.0,2488,HEURISTIC,4.846186262115466
pilot_b_tuning,job_correlated,200,4,2311,IG,"d=6,T=0.1,t=5.0s",5.0,2410,HEURISTIC,1.5592077538980194
pilot_b_tuning,job_correlated,200,4,2311,IG,"d=6,T=0.5,t=5.0s",5.0,2496,HEURISTIC,5.183312262958281
pilot_b_tuning,job_correlated,200,4,2312,IG,"d=2,T=0.1,t=5.0s",5.0,2565,HEURISTIC,3.260869565217391
pilot_b_tuning,job_correlated,200,4,2312,IG,"d=2,T=0.5,t=5.0s",5.0,2612,HEURISTIC,5.152979066022544
pilot_b_tuning,job_correlated,200,4,2312,IG,"d=4,T=0.1,t=5.0s",5.0,2523,HEURISTIC,1.570048309178744
pilot_b_tuning,job_correlated,200,4,2312,IG,"d=4,T=0.5,t=5.0s",5.0,2596,HEURISTIC,4.508856682769726
pilot_b_tuning,job_correlated,200,4,2312,IG,"d=6,T=0.1,t=5.0s",5.0,2530,HEURISTIC,1.8518518518518516
pilot_b_tuning,job_correlated,200,4,2312,IG,"d=6,T=0.5,t=5.0s",5.0,2596,HEURISTIC,4.508856682769726
pilot_b_tuning,job_correlated,200,4,2313,IG,"d=2,T=0.1,t=5.0s",5.0,2708,HEURISTIC,3.1226199543031226
pilot_b_tuning,job_correlated,200,4,2313,IG,"d=2,T=0.5,t=5.0s",5.0,2753,HEURISTIC,4.836252856054836
pilot_b_tuning,job_correlated,200,4,2313,IG,"d=4,T=0.1,t=5.0s",5.0,2673,HEURISTIC,1.78979436405179
pilot_b_tuning,job_correlated,200,4,2313,IG,"d=4,T=0.5,t=5.0s",5.0,2761,HEURISTIC,5.140898705255141
pilot_b_tuning,job_correlated,200,4,2313,IG,"d=6,T=0.1,t=5.0s",5.0,2667,HEURISTIC,1.5613099771515613
pilot_b_tuning,job_correlated,200,4,2313,IG,"d=6,T=0.5,t=5.0s",5.0,2755,HEURISTIC,4.912414318354912
pilot_b_tuning,uniform,200,4,2304,IG,"d=2,T=0.1,t=5.0s",5.0,1443,HEURISTIC,3.1451036454610435
pilot_b_tuning,uniform,200,4,2304,IG,"d=2,T=0.5,t=5.0s",5.0,1433,HEURISTIC,2.4303073624017157
pilot_b_tuning,uniform,200,4,2304,IG,"d=4,T=0.1,t=5.0s",5.0,1419,HEURISTIC,1.4295925661186561
pilot_b_tuning,uniform,200,4,2304,IG,"d=4,T=0.5,t=5.0s",5.0,1433,HEURISTIC,2.4303073624017157
pilot_b_tuning,uniform,200,4,2304,IG,"d=6,T=0.1,t=5.0s",5.0,1415,HEURISTIC,1.143674052894925
pilot_b_tuning,uniform,200,4,2304,IG,"d=6,T=0.5,t=5.0s",5.0,1440,HEURISTIC,2.9306647605432454
pilot_b_tuning,uniform,200,4,2305,IG,"d=2,T=0.1,t=5.0s",5.0,1369,HEURISTIC,3.3987915407854987
pilot_b_tuning,uniform,200,4,2305,IG,"d=2,T=0.5,t=5.0s",5.0,1387,HEURISTIC,4.758308157099698
pilot_b_tuning,uniform,200,4,2305,IG,"d=4,T=0.1,t=5.0s",5.0,1351,HEURISTIC,2.0392749244712993
pilot_b_tuning,uniform,200,4,2305,IG,"d=4,T=0.5,t=5.0s",5.0,1350,HEURISTIC,1.9637462235649545
pilot_b_tuning,uniform,200,4,2305,IG,"d=6,T=0.1,t=5.0s",5.0,1341,HEURISTIC,1.283987915407855
pilot_b_tuning,uniform,200,4,2305,IG,"d=6,T=0.5,t=5.0s",5.0,1356,HEURISTIC,2.416918429003021
pilot_b_tuning,uniform,200,4,2306,IG,"d=2,T=0.1,t=5.0s",5.0,1363,HEURISTIC,4.444444444444445
pilot_b_tuning,uniform,200,4,2306,IG,"d=2,T=0.5,t=5.0s",5.0,1368,HEURISTIC,4.827586206896552
pilot_b_tuning,uniform,200,4,2306,IG,"d=4,T=0.1,t=5.0s",5.0,1342,HEURISTIC,2.835249042145594
pilot_b_tuning,uniform,200,4,2306,IG,"d=4,T=0.5,t=5.0s",5.0,1357,HEURISTIC,3.984674329501916
pilot_b_tuning,uniform,200,4,2306,IG,"d=6,T=0.1,t=5.0s",5.0,1326,HEURISTIC,1.6091954022988506
pilot_b_tuning,uniform,200,4,2306,IG,"d=6,T=0.5,t=5.0s",5.0,1349,HEURISTIC,3.3716475095785436
pilot_b_tuning,uniform,200,4,2307,IG,"d=2,T=0.1,t=5.0s",5.0,1507,HEURISTIC,3.645116918844567
pilot_b_tuning,uniform,200,4,2307,IG,"d=2,T=0.5,t=5.0s",5.0,1540,HEURISTIC,5.914718019257221
pilot_b_tuning,uniform,200,4,2307,IG,"d=4,T=0.1,t=5.0s",5.0,1484,HEURISTIC,2.063273727647868
pilot_b_tuning,uniform,200,4,2307,IG,"d=4,T=0.5,t=5.0s",5.0,1505,HEURISTIC,3.5075653370013753
pilot_b_tuning,uniform,200,4,2307,IG,"d=6,T=0.1,t=5.0s",5.0,1477,HEURISTIC,1.5818431911966988
pilot_b_tuning,uniform,200,4,2307,IG,"d=6,T=0.5,t=5.0s",5.0,1501,HEURISTIC,3.2324621733149934
pilot_b_tuning,uniform,200,4,2308,IG,"d=2,T=0.1,t=5.0s",5.0,1366,HEURISTIC,2.93896006028636
pilot_b_tuning,uniform,200,4,2308,IG,"d=2,T=0.5,t=5.0s",5.0,1378,HEURISTIC,3.8432554634513942
pilot_b_tuning,uniform,200,4,2308,IG,"d=4,T=0.1,t=5.0s",5.0,1344,HEURISTIC,1.281085154483798
pilot_b_tuning,uniform,200,4,2308,IG,"d=4,T=0.5,t=5.0s",5.0,1351,HEURISTIC,1.8085908063300677
pilot_b_tuning,uniform,200,4,2308,IG,"d=6,T=0.1,t=5.0s",5.0,1336,HEURISTIC,0.6782215523737753
pilot_b_tuning,uniform,200,4,2308,IG,"d=6,T=0.5,t=5.0s",5.0,1359,HEURISTIC,2.4114544084400906
pilot_b_tuning,job_correlated,200,5,2319,IG,"d=2,T=0.1,t=5.0s",5.0,2021,HEURISTIC,3.164880040837162
pilot_b_tuning,job_correlated,200,5,2319,IG,"d=2,T=0.5,t=5.0s",5.0,2061,HEURISTIC,5.206738131699847
pilot_b_tuning,job_correlated,200,5,2319,IG,"d=4,T=0.1,t=5.0s",5.0,1994,HEURISTIC,1.7866258295048496
pilot_b_tuning,job_correlated,200,5,2319,IG,"d=4,T=0.5,t=5.0s",5.0,2069,HEURISTIC,5.615109749872384
pilot_b_tuning,job_correlated,200,5,2319,IG,"d=6,T=0.1,t=5.0s",5.0,1991,HEURISTIC,1.6334864726901481
pilot_b_tuning,job_correlated,200,5,2319,IG,"d=6,T=0.5,t=5.0s",5.0,2073,HEURISTIC,5.819295558958652
pilot_b_tuning,job_correlated,200,5,2320,IG,"d=2,T=0.1,t=5.0s",5.0,2043,HEURISTIC,3.1818181818181817
pilot_b_tuning,job_correlated,200,5,2320,IG,"d=2,T=0.5,t=5.0s",5.0,2089,HEURISTIC,5.505050505050505
pilot_b_tuning,job_correlated,200,5,2320,IG,"d=4,T=0.1,t=5.0s",5.0,2013,HEURISTIC,1.6666666666666667
pilot_b_tuning,job_correlated,200,5,2320,IG,"d=4,T=0.5,t=5.0s",5.0,2095,HEURISTIC,5.808080808080808
pilot_b_tuning,job_correlated,200,5,2320,IG,"d=6,T=0.1,t=5.0s",5.0,2017,HEURISTIC,1.8686868686868685
pilot_b_tuning,job_correlated,200,5,2320,IG,"d=6,T=0.5,t=5.0s",5.0,2090,HEURISTIC,5.555555555555555
pilot_b_tuning,job_correlated,200,5,2321,IG,"d=2,T=0.1,t=5.0s",5.0,2025,HEURISTIC,3.4747061829330605
pilot_b_tuning,job_correlated,200,5,2321,IG,"d=2,T=0.5,t=5.0s",5.0,2052,HEURISTIC,4.854368932038835
pilot_b_tuning,job_correlated,200,5,2321,IG,"d=4,T=0.1,t=5.0s",5.0,1994,HEURISTIC,1.890648952478283
pilot_b_tuning,job_correlated,200,5,2321,IG,"d=4,T=0.5,t=5.0s",5.0,2059,HEURISTIC,5.212059274399591
pilot_b_tuning,job_correlated,200,5,2321,IG,"d=6,T=0.1,t=5.0s",5.0,1994,HEURISTIC,1.890648952478283
pilot_b_tuning,job_correlated,200,5,2321,IG,"d=6,T=0.5,t=5.0s",5.0,2070,HEURISTIC,5.774144098109351
pilot_b_tuning,job_correlated,200,5,2322,IG,"d=2,T=0.1,t=5.0s",5.0,1993,HEURISTIC,3.1039834454216244
pilot_b_tuning,job_correlated,200,5,2322,IG,"d=2,T=0.5,t=5.0s",5.0,2031,HEURISTIC,5.069839627521986
pilot_b_tuning,job_correlated,200,5,2322,IG,"d=4,T=0.1,t=5.0s",5.0,1971,HEURISTIC,1.9658561821003622
pilot_b_tuning,job_correlated,200,5,2322,IG,"d=4,T=0.5,t=5.0s",5.0,2037,HEURISTIC,5.380237972064148
pilot_b_tuning,job_correlated,200,5,2322,IG,"d=6,T=0.1,t=5.0s",5.0,1967,HEURISTIC,1.758923952405587
pilot_b_tuning,job_correlated,200,5,2322,IG,"d=6,T=0.5,t=5.0s",5.0,2040,HEURISTIC,5.53543714433523
pilot_b_tuning,job_correlated,200,5,2323,IG,"d=2,T=0.1,t=5.0s",5.0,2103,HEURISTIC,2.685546875
pilot_b_tuning,job_correlated,200,5,2323,IG,"d=2,T=0.5,t=5.0s",5.0,2171,HEURISTIC,6.005859375
pilot_b_tuning,job_correlated,200,5,2323,IG,"d=4,T=0.1,t=5.0s",5.0,2085,HEURISTIC,1.806640625
pilot_b_tuning,job_correlated,200,5,2323,IG,"d=4,T=0.5,t=5.0s",5.0,2163,HEURISTIC,5.615234375
pilot_b_tuning,job_correlated,200,5,2323,IG,"d=6,T=0.1,t=5.0s",5.0,2092,HEURISTIC,2.1484375
pilot_b_tuning,job_correlated,200,5,2323,IG,"d=6,T=0.5,t=5.0s",5.0,2153,HEURISTIC,5.126953125
pilot_b_tuning,uniform,200,5,2314,IG,"d=2,T=0.1,t=5.0s",5.0,1026,HEURISTIC,5.015353121801433
pilot_b_tuning,uniform,200,5,2314,IG,"d=2,T=0.5,t=5.0s",5.0,1049,HEURISTIC,7.36949846468782
pilot_b_tuning,uniform,200,5,2314,IG,"d=4,T=0.1,t=5.0s",5.0,1001,HEURISTIC,2.456499488229273
pilot_b_tuning,uniform,200,5,2314,IG,"d=4,T=0.5,t=5.0s",5.0,1021,HEURISTIC,4.503582395087001
pilot_b_tuning,uniform,200,5,2314,IG,"d=6,T=0.1,t=5.0s",5.0,999,HEURISTIC,2.2517911975435005
pilot_b_tuning,uniform,200,5,2314,IG,"d=6,T=0.5,t=5.0s",5.0,1028,HEURISTIC,5.220061412487206
pilot_b_tuning,uniform,200,5,2315,IG,"d=2,T=0.1,t=5.0s",5.0,951,HEURISTIC,5.549389567147614
pilot_b_tuning,uniform,200,5,2315,IG,"d=2,T=0.5,t=5.0s",5.0,960,HEURISTIC,6.548279689234185
pilot_b_tuning,uniform,200,5,2315,IG,"d=4,T=0.1,t=5.0s",5.0,925,HEURISTIC,2.6637069922308543
pilot_b_tuning,uniform,200,5,2315,IG,"d=4,T=0.5,t=5.0s",5.0,932,HEURISTIC,3.4406215316315207
pilot_b_tuning,uniform,200,5,2315,IG,"d=6,T=0.1,t=5.0s",5.0,915,HEURISTIC,1.553829078801332
pilot_b_tuning,uniform,200,5,2315,IG,"d=6,T=0.5,t=5.0s",5.0,939,HEURISTIC,4.217536071032186
pilot_b_tuning,uniform,200,5,2316,IG,"d=2,T=0.1,t=5.0s",5.0,1048,HEURISTIC,5.1153460381143425
pilot_b_tuning,uniform,200,5,2316,IG,"d=2,T=0.5,t=5.0s",5.0,1055,HEURISTIC,5.817452357071214
pilot_b_tuning,uniform,200,5,2316,IG,"d=4,T=0.1,t=5.0s",5.0,1038,HEURISTIC,4.112337011033099
pilot_b_tuning,uniform,200,5,2316,IG,"d=4,T=0.5,t=5.0s",5.0,1052,HEURISTIC,5.516549648946841
pilot_b_tuning,uniform,200,5,2316,IG,"d=6,T=0.1,t=5.0s",5.0,1026,HEURISTIC,2.908726178535607
pilot_b_tuning,uniform,200,5,2316,IG,"d=6,T=0.5,t=5.0s",5.0,1035,HEURISTIC,3.8114343029087263
pilot_b_tuning,uniform,200,5,2317,IG,"d=2,T=0.1,t=5.0s",5.0,1119,HEURISTIC,5.070422535211268
pilot_b_tuning,uniform,200,5,2317,IG,"d=2,T=0.5,t=5.0s",5.0,1114,HEURISTIC,4.600938967136151
pilot_b_tuning,uniform,200,5,2317,IG,"d=4,T=0.1,t=5.0s",5.0,1087,HEURISTIC,2.0657276995305165
pilot_b_tuning,uniform,200,5,2317,IG,"d=4,T=0.5,t=5.0s",5.0,1114,HEURISTIC,4.600938967136151
pilot_b_tuning,uniform,200,5,2317,IG,"d=6,T=0.1,t=5.0s",5.0,1084,HEURISTIC,1.784037558685446
pilot_b_tuning,uniform,200,5,2317,IG,"d=6,T=0.5,t=5.0s",5.0,1117,HEURISTIC,4.882629107981221
pilot_b_tuning,uniform,200,5,2318,IG,"d=2,T=0.1,t=5.0s",5.0,1183,HEURISTIC,4.41306266548985
pilot_b_tuning,uniform,200,5,2318,IG,"d=2,T=0.5,t=5.0s",5.0,1190,HEURISTIC,5.030891438658429
pilot_b_tuning,uniform,200,5,2318,IG,"d=4,T=0.1,t=5.0s",5.0,1154,HEURISTIC,1.8534863195057367
pilot_b_tuning,uniform,200,5,2318,IG,"d=4,T=0.5,t=5.0s",5.0,1180,HEURISTIC,4.148278905560459
pilot_b_tuning,uniform,200,5,2318,IG,"d=6,T=0.1,t=5.0s",5.0,1153,HEURISTIC,1.7652250661959399
pilot_b_tuning,uniform,200,5,2318,IG,"d=6,T=0.5,t=5.0s",5.0,1193,HEURISTIC,5.29567519858782
