Experiment,Dist,N,M,Replica,Seed,Algo,Params,Time,Obj,Status,Gap,Nodes
pilot_b_tuning,job_correlated,30,4,0,2229,IG,"d=2,T=0.1,t=5.0s",5.0,393,HEURISTIC_RPD,3.421052631578948,129297
pilot_b_tuning,job_correlated,30,4,0,2229,IG,"d=2,T=0.5,t=5.0s",5.0,392,HEURISTIC_RPD,3.1578947368421053,135354
pilot_b_tuning,job_correlated,30,4,0,2229,IG,"d=4,T=0.1,t=5.0s",5.0,386,HEURISTIC_RPD,1.5789473684210527,130006
pilot_b_tuning,job_correlated,30,4,0,2229,IG,"d=4,T=0.5,t=5.0s",5.0,391,HEURISTIC_RPD,2.8947368421052633,139377
pilot_b_tuning,job_correlated,30,4,0,2229,IG,"d=6,T=0.1,t=5.0s",5.0,386,HEURISTIC_RPD,1.5789473684210527,140869
pilot_b_tuning,job_correlated,30,4,0,2229,IG,"d=6,T=0.5,t=5.0s",5.0,391,HEURISTIC_RPD,2.8947368421052633,129406
pilot_b_tuning,job_correlated,30,4,1,2230,IG,"d=2,T=0.1,t=5.0s",5.0,464,HEURISTIC_RPD,1.9780219780219779,133169
pilot_b_tuning,job_correlated,30,4,1,2230,IG,"d=2,T=0.5,t=5.0s",5.0,468,HEURISTIC_RPD,2.857142857142857,144515
pilot_b_tuning,job_correlated,30,4,1,2230,IG,"d=4,T=0.1,t=5.0s",5.0,463,HEURISTIC_RPD,1.7582417582417582,141314
pilot_b_tuning,job_correlated,30,4,1,2230,IG,"d=4,T=0.5,t=5.0s",5.0,468,HEURISTIC_RPD,2.857142857142857,140574
pilot_b_tuning,job_correlated,30,4,1,2230,IG,"d=6,T=0.1,t=5.0s",5.0,463,HEURISTIC_RPD,1.7582417582417582,145110
pilot_b_tuning,job_correlated,30,4,1,2230,IG,"d=6,T=0.5,t=5.0s",5.0,469,HEURISTIC_RPD,3.076923076923077,142285
pilot_b_tuning,job_correlated,30,4,2,2231,IG,"d=2,T=0.1,t=5.0s",5.0,346,HEURISTIC_RPD,3.903903903903904,148775
pilot_b_tuning,job_correlated,30,4,2,2231,IG,"d=2,T=0.5,t=5.0s",5.0,343,HEURISTIC_RPD,3.003003003003003,144623
pilot_b_tuning,job_correlated,30,4,2,2231,IG,"d=4,T=0.1,t=5.0s",5.0,342,HEURISTIC_RPD,2.7027027027027026,153612
pilot_b_tuning,job_correlated,30,4,2,2231,IG,"d=4,T=0.5,t=5.0s",5.0,344,HEURISTIC_RPD,3.303303303303303,138217
pilot_b_tuning,job_correlated,30,4,2,2231,IG,"d=6,T=0.1,t=5.0s",5.0,343,HEURISTIC_RPD,3.003003003003003,138257
pilot_b_tuning,job_correlated,30,4,2,2231,IG,"d=6,T=0.5,t=5.0s",5.0,345,HEURISTIC_RPD,3.6036036036036037,137485
pilot_b_tuning,job_correlated,30,4,3,2232,IG,"d=2,T=0.1,t=5.0s",5.0,434,HEURISTIC_RPD,3.0878859857482186,157407
pilot_b_tuning,job_correlated,30,4,3,2232,IG,"d=2,T=0.5,t=5.0s",5.0,430,HEURISTIC_RPD,2.137767220902613,156839
pilot_b_tuning,job_correlated,30,4,3,2232,IG,"d=4,T=0.1,t=5.0s",5.0,429,HEURISTIC_RPD,1.9002375296912115,168929
pilot_b_tuning,job_correlated,30,4,3,2232,IG,"d=4,T=0.5,t=5.0s",5.0,431,HEURISTIC_RPD,2.375296912114014,152561
pilot_b_tuning,job_correlated,30,4,3,2232,IG,"d=6,T=0.1,t=5.0s",5.0,429,HEURISTIC_RPD,1.9002375296912115,138878
pilot_b_tuning,job_correlated,30,4,3,2232,IG,"d=6,T=0.5,t=5.0s",5.0,434,HEURISTIC_RPD,3.0878859857482186,119642
pilot_b_tuning,job_correlated,30,4,4,2233,IG,"d=2,T=0.1,t=5.0s",5.0,391,HEURISTIC_RPD,3.439153439153439,148864
pilot_b_tuning,job_correlated,30,4,4,2233,IG,"d=2,T=0.5,t=5.0s",5.0,387,HEURISTIC_RPD,2.380952380952381,161710
pilot_b_tuning,job_correlated,30,4,4,2233,IG,"d=4,T=0.1,t=5.0s",5.0,382,HEURISTIC_RPD,1.0582010582010581,149401
pilot_b_tuning,job_correlated,30,4,4,2233,IG,"d=4,T=0.5,t=5.0s",5.0,386,HEURISTIC_RPD,2.1164021164021163,150765
pilot_b_tuning,job_correlated,30,4,4,2233,IG,"d=6,T=0.1,t=5.0s",5.0,382,HEURISTIC_RPD,1.0582010582010581,144721
pilot_b_tuning,job_correlated,30,4,4,2233,IG,"d=6,T=0.5,t=5.0s",5.0,388,HEURISTIC_RPD,2.6455026455026456,146315
pilot_b_tuning,uniform,30,4,0,2224,IG,"d=2,T=0.1,t=5.0s",5.0,219,HEURISTIC_RPD,9.5,156508
pilot_b_tuning,uniform,30,4,0,2224,IG,"d=2,T=0.5,t=5.0s",5.0,215,HEURISTIC_RPD,7.5,162192
pilot_b_tuning,uniform,30,4,0,2224,IG,"d=4,T=0.1,t=5.0s",5.0,214,HEURISTIC_RPD,7.000000000000001,161394
pilot_b_tuning,uniform,30,4,0,2224,IG,"d=4,T=0.5,t=5.0s",5.0,214,HEURISTIC_RPD,7.000000000000001,149199
pilot_b_tuning,uniform,30,4,0,2224,IG,"d=6,T=0.1,t=5.0s",5.0,214,HEURISTIC_RPD,7.000000000000001,144721
pilot_b_tuning,uniform,30,4,0,2224,IG,"d=6,T=0.5,t=5.0s",5.0,214,HEURISTIC_RPD,7.000000000000001,142490
pilot_b_tuning,uniform,30,4,1,2225,IG,"d=2,T=0.1,t=5.0s",5.0,201,HEURISTIC_RPD,6.349206349206349,153553
pilot_b_tuning,uniform,30,4,1,2225,IG,"d=2,T=0.5,t=5.0s",5.0,201,HEURISTIC_RPD,6.349206349206349,160948
pilot_b_tuning,uniform,30,4,1,2225,IG,"d=4,T=0.1,t=5.0s",5.0,201,HEURISTIC_RPD,6.349206349206349,143669
pilot_b_tuning,uniform,30,4,1,2225,IG,"d=4,T=0.5,t=5.0s",5.0,198,HEURISTIC_RPD,4.761904761904762,131776
pilot_b_tuning,uniform,30,4,1,2225,IG,"d=6,T=0.1,t=5.0s",5.0,198,HEURISTIC_RPD,4.761904761904762,133394
pilot_b_tuning,uniform,30,4,1,2225,IG,"d=6,T=0.5,t=5.0s",5.0,198,HEURISTIC_RPD,4.761904761904762,135302
pilot_b_tuning,uniform,30,4,2,2226,IG,"d=2,T=0.1,t=5.0s",5.0,214,HEURISTIC_RPD,8.080808080808081,147594
pilot_b_tuning,uniform,30,4,2,2226,IG,"d=2,T=0.5,t=5.0s",5.0,208,HEURISTIC_RPD,5.05050505050505,150619
pilot_b_tuning,uniform,30,4,2,2226,IG,"d=4,T=0.1,t=5.0s",5.0,208,HEURISTIC_RPD,5.05050505050505,152474
pilot_b_tuning,uniform,30,4,2,2226,IG,"d=4,T=0.5,t=5.0s",5.0,208,HEURISTIC_RPD,5.05050505050505,164724
pilot_b_tuning,uniform,30,4,2,2226,IG,"d=6,T=0.1,t=5.0s",5.0,208,HEURISTIC_RPD,5.05050505050505,154743
pilot_b_tuning,uniform,30,4,2,2226,IG,"d=6,T=0.5,t=5.0s",5.0,208,HEURISTIC_RPD,5.05050505050505,154781
pilot_b_tuning,uniform,30,4,3,2227,IG,"d=2,T=0.1,t=5.0s",5.0,215,HEURISTIC_RPD,8.585858585858585,179491
pilot_b_tuning,uniform,30,4,3,2227,IG,"d=2,T=0.5,t=5.0s",5.0,215,HEURISTIC_RPD,8.585858585858585,163539
pilot_b_tuning,uniform,30,4,3,2227,IG,"d=4,T=0.1,t=5.0s",5.0,214,HEURISTIC_RPD,8.080808080808081,165394
pilot_b_tuning,uniform,30,4,3,2227,IG,"d=4,T=0.5,t=5.0s",5.0,214,HEURISTIC_RPD,8.080808080808081,161717
pilot_b_tuning,uniform,30,4,3,2227,IG,"d=6,T=0.1,t=5.0s",5.0,214,HEURISTIC_RPD,8.080808080808081,147216
pilot_b_tuning,uniform,30,4,3,2227,IG,"d=6,T=0.5,t=5.0s",5.0,214,HEURISTIC_RPD,8.080808080808081,141434
pilot_b_tuning,uniform,30,4,4,2228,IG,"d=2,T=0.1,t=5.0s",5.0,217,HEURISTIC_RPD,6.896551724137931,164065
pilot_b_tuning,uniform,30,4,4,2228,IG,"d=2,T=0.5,t=5.0s",5.0,216,HEURISTIC_RPD,6.403940886699508,172165
pilot_b_tuning,uniform,30,4,4,2228,IG,"d=4,T=0.1,t=5.0s",5.0,216,HEURISTIC_RPD,6.403940886699508,163395
pilot_b_tuning,uniform,30,4,4,2228,IG,"d=4,T=0.5,t=5.0s",5.0,216,HEURISTIC_RPD,6.403940886699508,164828
pilot_b_tuning,uniform,30,4,4,2228,IG,"d=6,T=0.1,t=5.0s",5.0,216,HEURISTIC_RPD,6.403940886699508,150654
pilot_b_tuning,uniform,30,4,4,2228,IG,"d=6,T=0.5,t=5.0s",5.0,216,HEURISTIC_RPD,6.403940886699508,149912
pilot_b_tuning,job_correlated,30,5,0,2239,IG,"d=2,T=0.1,t=5.0s",5.0,334,HEURISTIC_RPD,3.4055727554179565,163429
pilot_b_tuning,job_correlated,30,5,0,2239,IG,"d=2,T=0.5,t=5.0s",5.0,338,HEURISTIC_RPD,4.643962848297214,166997
pilot_b_tuning,job_correlated,30,5,0,2239,IG,"d=4,T=0.1,t=5.0s",5.0,331,HEURISTIC_RPD,2.476780185758514,164695
pilot_b_tuning,job_correlated,30,5,0,2239,IG,"d=4,T=0.5,t=5.0s",5.0,337,HEURISTIC_RPD,4.3343653250774,156291
pilot_b_tuning,job_correlated,30,5,0,2239,IG,"d=6,T=0.1,t=5.0s",5.0,330,HEURISTIC_RPD,2.1671826625387,133375
pilot_b_tuning,job_correlated,30,5,0,2239,IG,"d=6,T=0.5,t=5.0s",5.0,339,HEURISTIC_RPD,4.953560371517028,120141
pilot_b_tuning,job_correlated,30,5,1,2240,IG,"d=2,T=0.1,t=5.0s",5.0,323,HEURISTIC_RPD,2.8662420382165608,152728
pilot_b_tuning,job_correlated,30,5,1,2240,IG,"d=2,T=0.5,t=5.0s",5.0,327,HEURISTIC_RPD,4.140127388535031,134306
pilot_b_tuning,job_correlated,30,5,1,2240,IG,"d=4,T=0.1,t=5.0s",5.0,320,HEURISTIC_RPD,1.910828025477707,124067
pilot_b_tuning,job_correlated,30,5,1,2240,IG,"d=4,T=0.5,t=5.0s",5.0,322,HEURISTIC_RPD,2.547770700636943,124626
pilot_b_tuning,job_correlated,30,5,1,2240,IG,"d=6,T=0.1,t=5.0s",5.0,320,HEURISTIC_RPD,1.910828025477707,129983
pilot_b_tuning,job_correlated,30,5,1,2240,IG,"d=6,T=0.5,t=5.0s",5.0,324,HEURISTIC_RPD,3.1847133757961785,138010
pilot_b_tuning,job_correlated,30,5,2,2241,IG,"d=2,T=0.1,t=5.0s",5.0,309,HEURISTIC_RPD,5.1020408163265305,174128
pilot_b_tuning,job_correlated,30,5,2,2241,IG,"d=2,T=0.5,t=5.0s",5.0,305,HEURISTIC_RPD,3.741496598639456,169285
pilot_b_tuning,job_correlated,30,5,2,2241,IG,"d=4,T=0.1,t=5.0s",5.0,300,HEURISTIC_RPD,2.0408163265306123,162884
pilot_b_tuning,job_correlated,30,5,2,2241,IG,"d=4,T=0.5,t=5.0s",5.0,301,HEURISTIC_RPD,2.380952380952381,157523
pilot_b_tuning,job_correlated,30,5,2,2241,IG,"d=6,T=0.1,t=5.0s",5.0,300,HEURISTIC_RPD,2.0408163265306123,147688
pilot_b_tuning,job_correlated,30,5,2,2241,IG,"d=6,T=0.5,t=5.0s",5.0,306,HEURISTIC_RPD,4.081632653061225,143165
pilot_b_tuning,job_correlated,30,5,3,2242,IG,"d=2,T=0.1,t=5.0s",5.0,327,HEURISTIC_RPD,2.507836990595611,170067
pilot_b_tuning,job_correlated,30,5,3,2242,IG,"d=2,T=0.5,t=5.0s",5.0,333,HEURISTIC_RPD,4.38871473354232,167456
pilot_b_tuning,job_correlated,30,5,3,2242,IG,"d=4,T=0.1,t=5.0s",5.0,324,HEURISTIC_RPD,1.5673981191222568,163746
pilot_b_tuning,job_correlated,30,5,3,2242,IG,"d=4,T=0.5,t=5.0s",5.0,331,HEURISTIC_RPD,3.761755485893417,161610
pilot_b_tuning,job_correlated,30,5,3,2242,IG,"d=6,T=0.1,t=5.0s",5.0,326,HEURISTIC_RPD,2.19435736677116,150858
pilot_b_tuning,job_correlated,30,5,3,2242,IG,"d=6,T=0.5,t=5.0s",5.0,332,HEURISTIC_RPD,4.075235109717868,145963
pilot_b_tuning,job_correlated,30,5,4,2243,IG,"d=2,T=0.1,t=5.0s",5.0,319,HEURISTIC_RPD,2.572347266881029,161609
pilot_b_tuning,job_correlated,30,5,4,2243,IG,"d=2,T=0.5,t=5.0s",5.0,322,HEURISTIC_RPD,3.536977491961415,157714
pilot_b_tuning,job_correlated,30,5,4,2243,IG,"d=4,T=0.1,t=5.0s",5.0,316,HEURISTIC_RPD,1.607717041800643,158546
pilot_b_tuning,job_correlated,30,5,4,2243,IG,"d=4,T=0.5,t=5.0s",5.0,322,HEURISTIC_RPD,3.536977491961415,149545
pilot_b_tuning,job_correlated,30,5,4,2243,IG,"d=6,T=0.1,t=5.0s",5.0,318,HEURISTIC_RPD,2.2508038585209005,140789
pilot_b_tuning,job_correlated,30,5,4,2243,IG,"d=6,T=0.5,t=5.0s",5.0,321,HEURISTIC_RPD,3.215434083601286,145288
pilot_b_tuning,uniform,30,5,0,2234,IG,"d=2,T=0.1,t=5.0s",5.0,131,HEURISTIC_RPD,11.016949152542372,165192
pilot_b_tuning,uniform,30,5,0,2234,IG,"d=2,T=0.5,t=5.0s",5.0,131,HEURISTIC_RPD,11.016949152542372,171200
pilot_b_tuning,uniform,30,5,0,2234,IG,"d=4,T=0.1,t=5.0s",5.0,131,HEURISTIC_RPD,11.016949152542372,152324
pilot_b_tuning,uniform,30,5,0,2234,IG,"d=4,T=0.5,t=5.0s",5.0,131,HEURISTIC_RPD,11.016949152542372,147213
pilot_b_tuning,uniform,30,5,0,2234,IG,"d=6,T=0.1,t=5.0s",5.0,131,HEURISTIC_RPD,11.016949152542372,120544
pilot_b_tuning,uniform,30,5,0,2234,IG,"d=6,T=0.5,t=5.0s",5.0,131,HEURISTIC_RPD,11.016949152542372,108319
pilot_b_tuning,uniform,30,5,1,2235,IG,"d=2,T=0.1,t=5.0s",5.0,181,HEURISTIC_RPD,9.696969696969697,144526
pilot_b_tuning,uniform,30,5,1,2235,IG,"d=2,T=0.5,t=5.0s",5.0,172,HEURISTIC_RPD,4.242424242424243,152627
pilot_b_tuning,uniform,30,5,1,2235,IG,"d=4,T=0.1,t=5.0s",5.0,172,HEURISTIC_RPD,4.242424242424243,138314
pilot_b_tuning,uniform,30,5,1,2235,IG,"d=4,T=0.5,t=5.0s",5.0,172,HEURISTIC_RPD,4.242424242424243,131025
pilot_b_tuning,uniform,30,5,1,2235,IG,"d=6,T=0.1,t=5.0s",5.0,172,HEURISTIC_RPD,4.242424242424243,120138
pilot_b_tuning,uniform,30,5,1,2235,IG,"d=6,T=0.5,t=5.0s",5.0,172,HEURISTIC_RPD,4.242424242424243,119014
pilot_b_tuning,uniform,30,5,2,2236,IG,"d=2,T=0.1,t=5.0s",5.0,174,HEURISTIC_RPD,13.725490196078432,133947
pilot_b_tuning,uniform,30,5,2,2236,IG,"d=2,T=0.5,t=5.0s",5.0,174,HEURISTIC_RPD,13.725490196078432,147478
pilot_b_tuning,uniform,30,5,2,2236,IG,"d=4,T=0.1,t=5.0s",5.0,174,HEURISTIC_RPD,13.725490196078432,134013
pilot_b_tuning,uniform,30,5,2,2236,IG,"d=4,T=0.5,t=5.0s",5.0,174,HEURISTIC_RPD,13.725490196078432,132849
pilot_b_tuning,uniform,30,5,2,2236,IG,"d=6,T=0.1,t=5.0s",5.0,174,HEURISTIC_RPD,13.725490196078432,125524
pilot_b_tuning,uniform,30,5,2,2236,IG,"d=6,T=0.5,t=5.0s",5.0,174,HEURISTIC_RPD,13.725490196078432,125613
pilot_b_tuning,uniform,30,5,3,2237,IG,"d=2,T=0.1,t=5.0s",5.0,173,HEURISTIC_RPD,4.848484848484849,162030
pilot_b_tuning,uniform,30,5,3,2237,IG,"d=2,T=0.5,t=5.0s",5.0,172,HEURISTIC_RPD,4.242424242424243,155046
pilot_b_tuning,uniform,30,5,3,2237,IG,"d=4,T=0.1,t=5.0s",5.0,172,HEURISTIC_RPD,4.242424242424243,148372
pilot_b_tuning,uniform,30,5,3,2237,IG,"d=4,T=0.5,t=5.0s",5.0,172,HEURISTIC_RPD,4.242424242424243,140557
pilot_b_tuning,uniform,30,5,3,2237,IG,"d=6,T=0.1,t=5.0s",5.0,172,HEURISTIC_RPD,4.242424242424243,133688
pilot_b_tuning,uniform,30,5,3,2237,IG,"d=6,T=0.5,t=5.0s",5.0,172,HEURISTIC_RPD,4.242424242424243,135444
pilot_b_tuning,uniform,30,5,4,2238,IG,"d=2,T=0.1,t=5.0s",5.0,165,HEURISTIC_RPD,7.142857142857142,150993
pilot_b_tuning,uniform,30,5,4,2238,IG,"d=2,T=0.5,t=5.0s",5.0,165,HEURISTIC_RPD,7.142857142857142,152954
pilot_b_tuning,uniform,30,5,4,2238,IG,"d=4,T=0.1,t=5.0s",5.0,165,HEURISTIC_RPD,7.142857142857142,139573
pilot_b_tuning,uniform,30,5,4,2238,IG,"d=4,T=0.5,t=5.0s",5.0,165,HEURISTIC_RPD,7.142857142857142,137385
pilot_b_tuning,uniform,30,5,4,2238,IG,"d=6,T=0.1,t=5.0s",5.0,165,HEURISTIC_RPD,7.142857142857142,129934
pilot_b_tuning,uniform,30,5,4,2238,IG,"d=6,T=0.5,t=5.0s",5.0,165,HEURISTIC_RPD,7.142857142857142,131593
pilot_b_tuning,job_correlated,50,4,0,2269,IG,"d=2,T=0.1,t=5.0s",5.0,697,HEURISTIC_RPD,0.7225433526011561,96772
pilot_b_tuning,job_correlated,50,4,0,2269,IG,"d=2,T=0.5,t=5.0s",5.0,710,HEURISTIC_RPD,2.601156069364162,105880
pilot_b_tuning,job_correlated,50,4,0,2269,IG,"d=4,T=0.1,t=5.0s",5.0,697,HEURISTIC_RPD,0.7225433526011561,106221
pilot_b_tuning,job_correlated,50,4,0,2269,IG,"d=4,T=0.5,t=5.0s",5.0,709,HEURISTIC_RPD,2.4566473988439306,97730
pilot_b_tuning,job_correlated,50,4,0,2269,IG,"d=6,T=0.1,t=5.0s",5.0,697,HEURISTIC_RPD,0.7225433526011561,99343
pilot_b_tuning,job_correlated,50,4,0,2269,IG,"d=6,T=0.5,t=5.0s",5.0,708,HEURISTIC_RPD,2.312138728323699,105665
pilot_b_tuning,job_correlated,50,4,1,2270,IG,"d=2,T=0.1,t=5.0s",5.0,715,HEURISTIC_RPD,0.9887005649717515,103748
pilot_b_tuning,job_correlated,50,4,1,2270,IG,"d=2,T=0.5,t=5.0s",5.0,726,HEURISTIC_RPD,2.5423728813559325,102716
pilot_b_tuning,job_correlated,50,4,1,2270,IG,"d=4,T=0.1,t=5.0s",5.0,713,HEURISTIC_RPD,0.7062146892655368,109079
pilot_b_tuning,job_correlated,50,4,1,2270,IG,"d=4,T=0.5,t=5.0s",5.0,726,HEURISTIC_RPD,2.5423728813559325,107451
pilot_b_tuning,job_correlated,50,4,1,2270,IG,"d=6,T=0.1,t=5.0s",5.0,713,HEURISTIC_RPD,0.7062146892655368,107088
pilot_b_tuning,job_correlated,50,4,1,2270,IG,"d=6,T=0.5,t=5.0s",5.0,728,HEURISTIC_RPD,2.824858757062147,106948
pilot_b_tuning,job_correlated,50,4,2,2271,IG,"d=2,T=0.1,t=5.0s",5.0,582,HEURISTIC_RPD,1.926444833625219,98170
pilot_b_tuning,job_correlated,50,4,2,2271,IG,"d=2,T=0.5,t=5.0s",5.0,592,HEURISTIC_RPD,3.677758318739054,103858
pilot_b_tuning,job_correlated,50,4,2,2271,IG,"d=4,T=0.1,t=5.0s",5.0,579,HEURISTIC_RPD,1.4010507880910683,119250
pilot_b_tuning,job_correlated,50,4,2,2271,IG,"d=4,T=0.5,t=5.0s",5.0,587,HEURISTIC_RPD,2.8021015761821366,119375
pilot_b_tuning,job_correlated,50,4,2,2271,IG,"d=6,T=0.1,t=5.0s",5.0,578,HEURISTIC_RPD,1.2259194395796849,116390
pilot_b_tuning,job_correlated,50,4,2,2271,IG,"d=6,T=0.5,t=5.0s",5.0,590,HEURISTIC_RPD,3.327495621716287,103744
pilot_b_tuning,job_correlated,50,4,3,2272,IG,"d=2,T=0.1,t=5.0s",5.0,607,HEURISTIC_RPD,2.0168067226890756,101388
pilot_b_tuning,job_correlated,50,4,3,2272,IG,"d=2,T=0.5,t=5.0s",5.0,613,HEURISTIC_RPD,3.0252100840336134,111971
pilot_b_tuning,job_correlated,50,4,3,2272,IG,"d=4,T=0.1,t=5.0s",5.0,602,HEURISTIC_RPD,1.1764705882352942,118698
pilot_b_tuning,job_correlated,50,4,3,2272,IG,"d=4,T=0.5,t=5.0s",5.0,613,HEURISTIC_RPD,3.0252100840336134,117325
pilot_b_tuning,job_correlated,50,4,3,2272,IG,"d=6,T=0.1,t=5.0s",5.0,601,HEURISTIC_RPD,1.0084033613445378,116767
pilot_b_tuning,job_correlated,50,4,3,2272,IG,"d=6,T=0.5,t=5.0s",5.0,614,HEURISTIC_RPD,3.1932773109243695,116827
pilot_b_tuning,job_correlated,50,4,4,2273,IG,"d=2,T=0.1,t=5.0s",5.0,609,HEURISTIC_RPD,1.839464882943144,109954
pilot_b_tuning,job_correlated,50,4,4,2273,IG,"d=2,T=0.5,t=5.0s",5.0,612,HEURISTIC_RPD,2.341137123745819,114723
pilot_b_tuning,job_correlated,50,4,4,2273,IG,"d=4,T=0.1,t=5.0s",5.0,606,HEURISTIC_RPD,1.3377926421404682,121119
pilot_b_tuning,job_correlated,50,4,4,2273,IG,"d=4,T=0.5,t=5.0s",5.0,608,HEURISTIC_RPD,1.6722408026755853,121548
pilot_b_tuning,job_correlated,50,4,4,2273,IG,"d=6,T=0.1,t=5.0s",5.0,605,HEURISTIC_RPD,1.1705685618729096,118042
pilot_b_tuning,job_correlated,50,4,4,2273,IG,"d=6,T=0.5,t=5.0s",5.0,617,HEURISTIC_RPD,3.177257525083612,116641
pilot_b_tuning,uniform,50,4,0,2264,IG,"d=2,T=0.1,t=5.0s",5.0,351,HEURISTIC_RPD,2.3323615160349855,106558
pilot_b_tuning,uniform,50,4,0,2264,IG,"d=2,T=0.5,t=5.0s",5.0,352,HEURISTIC_RPD,2.623906705539359,106072
pilot_b_tuning,uniform,50,4,0,2264,IG,"d=4,T=0.1,t=5.0s",5.0,351,HEURISTIC_RPD,2.3323615160349855,92453
pilot_b_tuning,uniform,50,4,0,2264,IG,"d=4,T=0.5,t=5.0s",5.0,349,HEURISTIC_RPD,1.749271137026239,96463
pilot_b_tuning,uniform,50,4,0,2264,IG,"d=6,T=0.1,t=5.0s",5.0,351,HEURISTIC_RPD,2.3323615160349855,107495
pilot_b_tuning,uniform,50,4,0,2264,IG,"d=6,T=0.5,t=5.0s",5.0,349,HEURISTIC_RPD,1.749271137026239,94327
pilot_b_tuning,uniform,50,4,1,2265,IG,"d=2,T=0.1,t=5.0s",5.0,364,HEURISTIC_RPD,3.4090909090909087,110901
pilot_b_tuning,uniform,50,4,1,2265,IG,"d=2,T=0.5,t=5.0s",5.0,364,HEURISTIC_RPD,3.4090909090909087,113572
pilot_b_tuning,uniform,50,4,1,2265,IG,"d=4,T=0.1,t=5.0s",5.0,364,HEURISTIC_RPD,3.4090909090909087,110079
pilot_b_tuning,uniform,50,4,1,2265,IG,"d=4,T=0.5,t=5.0s",5.0,364,HEURISTIC_RPD,3.4090909090909087,111778
pilot_b_tuning,uniform,50,4,1,2265,IG,"d=6,T=0.1,t=5.0s",5.0,364,HEURISTIC_RPD,3.4090909090909087,109245
pilot_b_tuning,uniform,50,4,1,2265,IG,"d=6,T=0.5,t=5.0s",5.0,364,HEURISTIC_RPD,3.4090909090909087,110061
pilot_b_tuning,uniform,50,4,2,2266,IG,"d=2,T=0.1,t=5.0s",5.0,335,HEURISTIC_RPD,2.4464831804281344,117929
pilot_b_tuning,uniform,50,4,2,2266,IG,"d=2,T=0.5,t=5.0s",5.0,335,HEURISTIC_RPD,2.4464831804281344,114841
pilot_b_tuning,uniform,50,4,2,2266,IG,"d=4,T=0.1,t=5.0s",5.0,335,HEURISTIC_RPD,2.4464831804281344,115583
pilot_b_tuning,uniform,50,4,2,2266,IG,"d=4,T=0.5,t=5.0s",5.0,335,HEURISTIC_RPD,2.4464831804281344,113650
pilot_b_tuning,uniform,50,4,2,2266,IG,"d=6,T=0.1,t=5.0s",5.0,335,HEURISTIC_RPD,2.4464831804281344,112445
pilot_b_tuning,uniform,50,4,2,2266,IG,"d=6,T=0.5,t=5.0s",5.0,335,HEURISTIC_RPD,2.4464831804281344,111913
pilot_b_tuning,uniform,50,4,3,2267,IG,"d=2,T=0.1,t=5.0s",5.0,347,HEURISTIC_RPD,3.582089552238806,117305
pilot_b_tuning,uniform,50,4,3,2267,IG,"d=2,T=0.5,t=5.0s",5.0,345,HEURISTIC_RPD,2.9850746268656714,109960
pilot_b_tuning,uniform,50,4,3,2267,IG,"d=4,T=0.1,t=5.0s",5.0,347,HEURISTIC_RPD,3.582089552238806,96062
pilot_b_tuning,uniform,50,4,3,2267,IG,"d=4,T=0.5,t=5.0s",5.0,346,HEURISTIC_RPD,3.2835820895522385,85948
pilot_b_tuning,uniform,50,4,3,2267,IG,"d=6,T=0.1,t=5.0s",5.0,346,HEURISTIC_RPD,3.2835820895522385,48720
pilot_b_tuning,uniform,50,4,3,2267,IG,"d=6,T=0.5,t=5.0s",5.0,345,HEURISTIC_RPD,2.9850746268656714,40486
pilot_b_tuning,uniform,50,4,4,2268,IG,"d=2,T=0.1,t=5.0s",5.0,374,HEURISTIC_RPD,1.9073569482288828,40821
pilot_b_tuning,uniform,50,4,4,2268,IG,"d=2,T=0.5,t=5.0s",5.0,377,HEURISTIC_RPD,2.7247956403269753,41255
pilot_b_tuning,uniform,50,4,4,2268,IG,"d=4,T=0.1,t=5.0s",5.0,373,HEURISTIC_RPD,1.6348773841961852,41189
pilot_b_tuning,uniform,50,4,4,2268,IG,"d=4,T=0.5,t=5.0s",5.0,375,HEURISTIC_RPD,2.17983651226158,41450
pilot_b_tuning,uniform,50,4,4,2268,IG,"d=6,T=0.1,t=5.0s",5.0,374,HEURISTIC_RPD,1.9073569482288828,40553
pilot_b_tuning,uniform,50,4,4,2268,IG,"d=6,T=0.5,t=5.0s",5.0,373,HEURISTIC_RPD,1.6348773841961852,41175
pilot_b_tuning,job_correlated,50,5,0,2279,IG,"d=2,T=0.1,t=5.0s",5.0,554,HEURISTIC_RPD,2.973977695167286,41798
pilot_b_tuning,job_correlated,50,5,0,2279,IG,"d=2,T=0.5,t=5.0s",5.0,560,HEURISTIC_RPD,4.089219330855019,41750
pilot_b_tuning,job_correlated,50,5,0,2279,IG,"d=4,T=0.1,t=5.0s",5.0,548,HEURISTIC_RPD,1.858736059479554,40151
pilot_b_tuning,job_correlated,50,5,0,2279,IG,"d=4,T=0.5,t=5.0s",5.0,561,HEURISTIC_RPD,4.275092936802974,42156
pilot_b_tuning,job_correlated,50,5,0,2279,IG,"d=6,T=0.1,t=5.0s",5.0,549,HEURISTIC_RPD,2.0446096654275094,40181
pilot_b_tuning,job_correlated,50,5,0,2279,IG,"d=6,T=0.5,t=5.0s",5.0,564,HEURISTIC_RPD,4.83271375464684,40619
pilot_b_tuning,job_correlated,50,5,1,2280,IG,"d=2,T=0.1,t=5.0s",5.0,502,HEURISTIC_RPD,2.240325865580448,39125
pilot_b_tuning,job_correlated,50,5,1,2280,IG,"d=2,T=0.5,t=5.0s",5.0,513,HEURISTIC_RPD,4.480651731160896,41309
pilot_b_tuning,job_correlated,50,5,1,2280,IG,"d=4,T=0.1,t=5.0s",5.0,500,HEURISTIC_RPD,1.8329938900203666,39420
pilot_b_tuning,job_correlated,50,5,1,2280,IG,"d=4,T=0.5,t=5.0s",5.0,515,HEURISTIC_RPD,4.887983706720977,38583
pilot_b_tuning,job_correlated,50,5,1,2280,IG,"d=6,T=0.1,t=5.0s",5.0,499,HEURISTIC_RPD,1.6293279022403258,40382
pilot_b_tuning,job_correlated,50,5,1,2280,IG,"d=6,T=0.5,t=5.0s",5.0,518,HEURISTIC_RPD,5.4989816700611,33533
pilot_b_tuning,job_correlated,50,5,2,2281,IG,"d=2,T=0.1,t=5.0s",5.0,512,HEURISTIC_RPD,1.5873015873015872,39438
pilot_b_tuning,job_correlated,50,5,2,2281,IG,"d=2,T=0.5,t=5.0s",5.0,531,HEURISTIC_RPD,5.357142857142857,39175
pilot_b_tuning,job_correlated,50,5,2,2281,IG,"d=4,T=0.1,t=5.0s",5.0,509,HEURISTIC_RPD,0.992063492063492,41178
pilot_b_tuning,job_correlated,50,5,2,2281,IG,"d=4,T=0.5,t=5.0s",5.0,528,HEURISTIC_RPD,4.761904761904762,38989
pilot_b_tuning,job_correlated,50,5,2,2281,IG,"d=6,T=0.1,t=5.0s",5.0,511,HEURISTIC_RPD,1.3888888888888888,38742
pilot_b_tuning,job_correlated,50,5,2,2281,IG,"d=6,T=0.5,t=5.0s",5.0,529,HEURISTIC_RPD,4.9603174603174605,38408
pilot_b_tuning,job_correlated,50,5,3,2282,IG,"d=2,T=0.1,t=5.0s",5.0,480,HEURISTIC_RPD,3.4482758620689653,36624
pilot_b_tuning,job_correlated,50,5,3,2282,IG,"d=2,T=0.5,t=5.0s",5.0,488,HEURISTIC_RPD,5.172413793103448,40275
pilot_b_tuning,job_correlated,50,5,3,2282,IG,"d=4,T=0.1,t=5.0s",5.0,472,HEURISTIC_RPD,1.7241379310344827,40769
pilot_b_tuning,job_correlated,50,5,3,2282,IG,"d=4,T=0.5,t=5.0s",5.0,480,HEURISTIC_RPD,3.4482758620689653,37685
pilot_b_tuning,job_correlated,50,5,3,2282,IG,"d=6,T=0.1,t=5.0s",5.0,473,HEURISTIC_RPD,1.9396551724137931,37233
pilot_b_tuning,job_correlated,50,5,3,2282,IG,"d=6,T=0.5,t=5.0s",5.0,484,HEURISTIC_RPD,4.310344827586207,44809
pilot_b_tuning,job_correlated,50,5,4,2283,IG,"d=2,T=0.1,t=5.0s",5.0,517,HEURISTIC_RPD,4.0241448692152915,38264
pilot_b_tuning,job_correlated,50,5,4,2283,IG,"d=2,T=0.5,t=5.0s",5.0,526,HEURISTIC_RPD,5.8350100603621735,37502
pilot_b_tuning,job_correlated,50,5,4,2283,IG,"d=4,T=0.1,t=5.0s",5.0,504,HEURISTIC_RPD,1.4084507042253522,38427
pilot_b_tuning,job_correlated,50,5,4,2283,IG,"d=4,T=0.5,t=5.0s",5.0,524,HEURISTIC_RPD,5.432595573440644,38656
pilot_b_tuning,job_correlated,50,5,4,2283,IG,"d=6,T=0.1,t=5.0s",5.0,505,HEURISTIC_RPD,1.6096579476861168,40616
pilot_b_tuning,job_correlated,50,5,4,2283,IG,"d=6,T=0.5,t=5.0s",5.0,524,HEURISTIC_RPD,5.432595573440644,38207
pilot_b_tuning,uniform,50,5,0,2274,IG,"d=2,T=0.1,t=5.0s",5.0,267,HEURISTIC_RPD,6.800000000000001,41097
pilot_b_tuning,uniform,50,5,0,2274,IG,"d=2,T=0.5,t=5.0s",5.0,267,HEURISTIC_RPD,6.800000000000001,42458
pilot_b_tuning,uniform,50,5,0,2274,IG,"d=4,T=0.1,t=5.0s",5.0,263,HEURISTIC_RPD,5.2,40591
pilot_b_tuning,uniform,50,5,0,2274,IG,"d=4,T=0.5,t=5.0s",5.0,263,HEURISTIC_RPD,5.2,39167
pilot_b_tuning,uniform,50,5,0,2274,IG,"d=6,T=0.1,t=5.0s",5.0,263,HEURISTIC_RPD,5.2,37802
pilot_b_tuning,uniform,50,5,0,2274,IG,"d=6,T=0.5,t=5.0s",5.0,265,HEURISTIC_RPD,6.0,38122
pilot_b_tuning,uniform,50,5,1,2275,IG,"d=2,T=0.1,t=5.0s",5.0,264,HEURISTIC_RPD,9.54356846473029,41554
pilot_b_tuning,uniform,50,5,1,2275,IG,"d=2,T=0.5,t=5.0s",5.0,256,HEURISTIC_RPD,6.224066390041494,43772
pilot_b_tuning,uniform,50,5,1,2275,IG,"d=4,T=0.1,t=5.0s",5.0,256,HEURISTIC_RPD,6.224066390041494,39113
pilot_b_tuning,uniform,50,5,1,2275,IG,"d=4,T=0.5,t=5.0s",5.0,256,HEURISTIC_RPD,6.224066390041494,39133
pilot_b_tuning,uniform,50,5,1,2275,IG,"d=6,T=0.1,t=5.0s",5.0,256,HEURISTIC_RPD,6.224066390041494,39211
pilot_b_tuning,uniform,50,5,1,2275,IG,"d=6,T=0.5,t=5.0s",5.0,255,HEURISTIC_RPD,5.809128630705394,38519
pilot_b_tuning,uniform,50,5,2,2276,IG,"d=2,T=0.1,t=5.0s",5.0,261,HEURISTIC_RPD,3.1620553359683794,41688
pilot_b_tuning,uniform,50,5,2,2276,IG,"d=2,T=0.5,t=5.0s",5.0,261,HEURISTIC_RPD,3.1620553359683794,42412
pilot_b_tuning,uniform,50,5,2,2276,IG,"d=4,T=0.1,t=5.0s",5.0,261,HEURISTIC_RPD,3.1620553359683794,40822
pilot_b_tuning,uniform,50,5,2,2276,IG,"d=4,T=0.5,t=5.0s",5.0,264,HEURISTIC_RPD,4.3478260869565215,38111
pilot_b_tuning,uniform,50,5,2,2276,IG,"d=6,T=0.1,t=5.0s",5.0,261,HEURISTIC_RPD,3.1620553359683794,38622
pilot_b_tuning,uniform,50,5,2,2276,IG,"d=6,T=0.5,t=5.0s",5.0,262,HEURISTIC_RPD,3.557312252964427,38458
pilot_b_tuning,uniform,50,5,3,2277,IG,"d=2,T=0.1,t=5.0s",5.0,251,HEURISTIC_RPD,5.02092050209205,42082
pilot_b_tuning,uniform,50,5,3,2277,IG,"d=2,T=0.5,t=5.0s",5.0,254,HEURISTIC_RPD,6.2761506276150625,41587
pilot_b_tuning,uniform,50,5,3,2277,IG,"d=4,T=0.1,t=5.0s",5.0,251,HEURISTIC_RPD,5.02092050209205,40744
pilot_b_tuning,uniform,50,5,3,2277,IG,"d=4,T=0.5,t=5.0s",5.0,252,HEURISTIC_RPD,5.439330543933055,39769
pilot_b_tuning,uniform,50,5,3,2277,IG,"d=6,T=0.1,t=5.0s",5.0,251,HEURISTIC_RPD,5.02092050209205,40116
pilot_b_tuning,uniform,50,5,3,2277,IG,"d=6,T=0.5,t=5.0s",5.0,252,HEURISTIC_RPD,5.439330543933055,39934
pilot_b_tuning,uniform,50,5,4,2278,IG,"d=2,T=0.1,t=5.0s",5.0,242,HEURISTIC_RPD,4.310344827586207,43156
pilot_b_tuning,uniform,50,5,4,2278,IG,"d=2,T=0.5,t=5.0s",5.0,242,HEURISTIC_RPD,4.310344827586207,41205
pilot_b_tuning,uniform,50,5,4,2278,IG,"d=4,T=0.1,t=5.0s",5.0,240,HEURISTIC_RPD,3.4482758620689653,41722
pilot_b_tuning,uniform,50,5,4,2278,IG,"d=4,T=0.5,t=5.0s",5.0,241,HEURISTIC_RPD,3.8793103448275863,40788
pilot_b_tuning,uniform,50,5,4,2278,IG,"d=6,T=0.1,t=5.0s",5.0,240,HEURISTIC_RPD,3.4482758620689653,38461
pilot_b_tuning,uniform,50,5,4,2278,IG,"d=6,T=0.5,t=5.0s",5.0,242,HEURISTIC_RPD,4.310344827586207,38816
pilot_b_tuning,job_correlated,100,4,0,2309,IG,"d=2,T=0.1,t=5.0s",5.0,1237,HEURISTIC_RPD,1.9785655399835118,23192
pilot_b_tuning,job_correlated,100,4,0,2309,IG,"d=2,T=0.5,t=5.0s",5.0,1265,HEURISTIC_RPD,4.286892003297609,23381
pilot_b_tuning,job_correlated,100,4,0,2309,IG,"d=4,T=0.1,t=5.0s",5.0,1228,HEURISTIC_RPD,1.2366034624896949,26087
pilot_b_tuning,job_correlated,100,4,0,2309,IG,"d=4,T=0.5,t=5.0s",5.0,1248,HEURISTIC_RPD,2.8854080791426218,26366
pilot_b_tuning,job_correlated,100,4,0,2309,IG,"d=6,T=0.1,t=5.0s",5.0,1222,HEURISTIC_RPD,0.741962077493817,27579
pilot_b_tuning,job_correlated,100,4,0,2309,IG,"d=6,T=0.5,t=5.0s",5.0,1256,HEURISTIC_RPD,3.544929925803792,26486
pilot_b_tuning,job_correlated,100,4,1,2310,IG,"d=2,T=0.1,t=5.0s",5.0,1464,HEURISTIC_RPD,1.314878892733564,23240
pilot_b_tuning,job_correlated,100,4,1,2310,IG,"d=2,T=0.5,t=5.0s",5.0,1498,HEURISTIC_RPD,3.667820069204152,23118
pilot_b_tuning,job_correlated,100,4,1,2310,IG,"d=4,T=0.1,t=5.0s",5.0,1463,HEURISTIC_RPD,1.245674740484429,26385
pilot_b_tuning,job_correlated,100,4,1,2310,IG,"d=4,T=0.5,t=5.0s",5.0,1491,HEURISTIC_RPD,3.183391003460208,25627
pilot_b_tuning,job_correlated,100,4,1,2310,IG,"d=6,T=0.1,t=5.0s",5.0,1463,HEURISTIC_RPD,1.245674740484429,27138
pilot_b_tuning,job_correlated,100,4,1,2310,IG,"d=6,T=0.5,t=5.0s",5.0,1506,HEURISTIC_RPD,4.221453287197232,25971
pilot_b_tuning,job_correlated,100,4,2,2311,IG,"d=2,T=0.1,t=5.0s",5.0,1248,HEURISTIC_RPD,1.9607843137254901,22366
pilot_b_tuning,job_correlated,100,4,2,2311,IG,"d=2,T=0.5,t=5.0s",5.0,1270,HEURISTIC_RPD,3.758169934640523,23121
pilot_b_tuning,job_correlated,100,4,2,2311,IG,"d=4,T=0.1,t=5.0s",5.0,1229,HEURISTIC_RPD,0.40849673202614384,26921
pilot_b_tuning,job_correlated,100,4,2,2311,IG,"d=4,T=0.5,t=5.0s",5.0,1255,HEURISTIC_RPD,2.5326797385620914,26700
pilot_b_tuning,job_correlated,100,4,2,2311,IG,"d=6,T=0.1,t=5.0s",5.0,1235,HEURISTIC_RPD,0.8986928104575163,27572
pilot_b_tuning,job_correlated,100,4,2,2311,IG,"d=6,T=0.5,t=5.0s",5.0,1273,HEURISTIC_RPD,4.003267973856209,26911
pilot_b_tuning,job_correlated,100,4,3,2312,IG,"d=2,T=0.1,t=5.0s",5.0,1211,HEURISTIC_RPD,2.1079258010118047,21987
pilot_b_tuning,job_correlated,100,4,3,2312,IG,"d=2,T=0.5,t=5.0s",5.0,1239,HEURISTIC_RPD,4.4688026981450255,23481
pilot_b_tuning,job_correlated,100,4,3,2312,IG,"d=4,T=0.1,t=5.0s",5.0,1198,HEURISTIC_RPD,1.0118043844856661,27305
pilot_b_tuning,job_correlated,100,4,3,2312,IG,"d=4,T=0.5,t=5.0s",5.0,1233,HEURISTIC_RPD,3.962900505902192,26082
pilot_b_tuning,job_correlated,100,4,3,2312,IG,"d=6,T=0.1,t=5.0s",5.0,1203,HEURISTIC_RPD,1.433389544688027,29041
pilot_b_tuning,job_correlated,100,4,3,2312,IG,"d=6,T=0.5,t=5.0s",5.0,1228,HEURISTIC_RPD,3.541315345699832,25597
pilot_b_tuning,job_correlated,100,4,4,2313,IG,"d=2,T=0.1,t=5.0s",5.0,1372,HEURISTIC_RPD,2.3117076808351977,20989
pilot_b_tuning,job_correlated,100,4,4,2313,IG,"d=2,T=0.5,t=5.0s",5.0,1393,HEURISTIC_RPD,3.877703206562267,23173
pilot_b_tuning,job_correlated,100,4,4,2313,IG,"d=4,T=0.1,t=5.0s",5.0,1353,HEURISTIC_RPD,0.8948545861297539,27894
pilot_b_tuning,job_correlated,100,4,4,2313,IG,"d=4,T=0.5,t=5.0s",5.0,1393,HEURISTIC_RPD,3.877703206562267,25660
pilot_b_tuning,job_correlated,100,4,4,2313,IG,"d=6,T=0.1,t=5.0s",5.0,1354,HEURISTIC_RPD,0.9694258016405668,27818
pilot_b_tuning,job_correlated,100,4,4,2313,IG,"d=6,T=0.5,t=5.0s",5.0,1402,HEURISTIC_RPD,4.548844146159582,25633
pilot_b_tuning,uniform,100,4,0,2304,IG,"d=2,T=0.1,t=5.0s",5.0,701,HEURISTIC_RPD,1.1544011544011543,22638
pilot_b_tuning,uniform,100,4,0,2304,IG,"d=2,T=0.5,t=5.0s",5.0,701,HEURISTIC_RPD,1.1544011544011543,22165
pilot_b_tuning,uniform,100,4,0,2304,IG,"d=4,T=0.1,t=5.0s",5.0,700,HEURISTIC_RPD,1.0101010101010102,23800
pilot_b_tuning,uniform,100,4,0,2304,IG,"d=4,T=0.5,t=5.0s",5.0,703,HEURISTIC_RPD,1.443001443001443,23439
pilot_b_tuning,uniform,100,4,0,2304,IG,"d=6,T=0.1,t=5.0s",5.0,698,HEURISTIC_RPD,0.7215007215007215,23995
pilot_b_tuning,uniform,100,4,0,2304,IG,"d=6,T=0.5,t=5.0s",5.0,707,HEURISTIC_RPD,2.0202020202020203,24391
pilot_b_tuning,uniform,100,4,1,2305,IG,"d=2,T=0.1,t=5.0s",5.0,774,HEURISTIC_RPD,2.1108179419525066,22993
pilot_b_tuning,uniform,100,4,1,2305,IG,"d=2,T=0.5,t=5.0s",5.0,787,HEURISTIC_RPD,3.825857519788918,22835
pilot_b_tuning,uniform,100,4,1,2305,IG,"d=4,T=0.1,t=5.0s",5.0,770,HEURISTIC_RPD,1.58311345646438,23666
pilot_b_tuning,uniform,100,4,1,2305,IG,"d=4,T=0.5,t=5.0s",5.0,777,HEURISTIC_RPD,2.5065963060686016,23493
pilot_b_tuning,uniform,100,4,1,2305,IG,"d=6,T=0.1,t=5.0s",5.0,773,HEURISTIC_RPD,1.978891820580475,24276
pilot_b_tuning,uniform,100,4,1,2305,IG,"d=6,T=0.5,t=5.0s",5.0,777,HEURISTIC_RPD,2.5065963060686016,23679
pilot_b_tuning,uniform,100,4,2,2306,IG,"d=2,T=0.1,t=5.0s",5.0,716,HEURISTIC_RPD,4.069767441860465,21124
pilot_b_tuning,uniform,100,4,2,2306,IG,"d=2,T=0.5,t=5.0s",5.0,717,HEURISTIC_RPD,4.215116279069767,23378
pilot_b_tuning,uniform,100,4,2,2306,IG,"d=4,T=0.1,t=5.0s",5.0,702,HEURISTIC_RPD,2.0348837209302326,24010
pilot_b_tuning,uniform,100,4,2,2306,IG,"d=4,T=0.5,t=5.0s",5.0,716,HEURISTIC_RPD,4.069767441860465,23718
pilot_b_tuning,uniform,100,4,2,2306,IG,"d=6,T=0.1,t=5.0s",5.0,700,HEURISTIC_RPD,1.744186046511628,24805
pilot_b_tuning,uniform,100,4,2,2306,IG,"d=6,T=0.5,t=5.0s",5.0,709,HEURISTIC_RPD,3.0523255813953485,23308
pilot_b_tuning,uniform,100,4,3,2307,IG,"d=2,T=0.1,t=5.0s",5.0,795,HEURISTIC_RPD,3.7859007832898173,21834
pilot_b_tuning,uniform,100,4,3,2307,IG,"d=2,T=0.5,t=5.0s",5.0,798,HEURISTIC_RPD,4.177545691906006,21052
pilot_b_tuning,uniform,100,4,3,2307,IG,"d=4,T=0.1,t=5.0s",5.0,789,HEURISTIC_RPD,3.0026109660574414,22744
pilot_b_tuning,uniform,100,4,3,2307,IG,"d=4,T=0.5,t=5.0s",5.0,796,HEURISTIC_RPD,3.91644908616188,23303
pilot_b_tuning,uniform,100,4,3,2307,IG,"d=6,T=0.1,t=5.0s",5.0,786,HEURISTIC_RPD,2.610966057441253,24240
pilot_b_tuning,uniform,100,4,3,2307,IG,"d=6,T=0.5,t=5.0s",5.0,795,HEURISTIC_RPD,3.7859007832898173,22543
pilot_b_tuning,uniform,100,4,4,2308,IG,"d=2,T=0.1,t=5.0s",5.0,664,HEURISTIC_RPD,2.311248073959938,22270
pilot_b_tuning,uniform,100,4,4,2308,IG,"d=2,T=0.5,t=5.0s",5.0,671,HEURISTIC_RPD,3.389830508474576,22723
pilot_b_tuning,uniform,100,4,4,2308,IG,"d=4,T=0.1,t=5.0s",5.0,663,HEURISTIC_RPD,2.157164869029276,22869
pilot_b_tuning,uniform,100,4,4,2308,IG,"d=4,T=0.5,t=5.0s",5.0,667,HEURISTIC_RPD,2.773497688751926,21597
pilot_b_tuning,uniform,100,4,4,2308,IG,"d=6,T=0.1,t=5.0s",5.0,657,HEURISTIC_RPD,1.2326656394453006,24147
pilot_b_tuning,uniform,100,4,4,2308,IG,"d=6,T=0.5,t=5.0s",5.0,666,HEURISTIC_RPD,2.6194144838212634,24098
pilot_b_tuning,job_correlated,100,5,0,2319,IG,"d=2,T=0.1,t=5.0s",5.0,1031,HEURISTIC_RPD,3.618090452261306,22806
pilot_b_tuning,job_correlated,100,5,0,2319,IG,"d=2,T=0.5,t=5.0s",5.0,1056,HEURISTIC_RPD,6.130653266331659,23504
pilot_b_tuning,job_correlated,100,5,0,2319,IG,"d=4,T=0.1,t=5.0s",5.0,1009,HEURISTIC_RPD,1.407035175879397,26914
pilot_b_tuning,job_correlated,100,5,0,2319,IG,"d=4,T=0.5,t=5.0s",5.0,1047,HEURISTIC_RPD,5.226130653266332,26501
pilot_b_tuning,job_correlated,100,5,0,2319,IG,"d=6,T=0.1,t=5.0s",5.0,1014,HEURISTIC_RPD,1.9095477386934674,27849
pilot_b_tuning,job_correlated,100,5,0,2319,IG,"d=6,T=0.5,t=5.0s",5.0,1059,HEURISTIC_RPD,6.432160804020101,25159
pilot_b_tuning,job_correlated,100,5,1,2320,IG,"d=2,T=0.1,t=5.0s",5.0,1026,HEURISTIC_RPD,2.908726178535607,22662
pilot_b_tuning,job_correlated,100,5,1,2320,IG,"d=2,T=0.5,t=5.0s",5.0,1064,HEURISTIC_RPD,6.720160481444333,23320
pilot_b_tuning,job_correlated,100,5,1,2320,IG,"d=4,T=0.1,t=5.0s",5.0,1018,HEURISTIC_RPD,2.106318956870612,26957
pilot_b_tuning,job_correlated,100,5,1,2320,IG,"d=4,T=0.5,t=5.0s",5.0,1050,HEURISTIC_RPD,5.315947843530592,26342
pilot_b_tuning,job_correlated,100,5,1,2320,IG,"d=6,T=0.1,t=5.0s",5.0,1018,HEURISTIC_RPD,2.106318956870612,24519
pilot_b_tuning,job_correlated,100,5,1,2320,IG,"d=6,T=0.5,t=5.0s",5.0,1055,HEURISTIC_RPD,5.817452357071214,27075
pilot_b_tuning,job_correlated,100,5,2,2321,IG,"d=2,T=0.1,t=5.0s",5.0,1080,HEURISTIC_RPD,2.272727272727273,22008
pilot_b_tuning,job_correlated,100,5,2,2321,IG,"d=2,T=0.5,t=5.0s",5.0,1109,HEURISTIC_RPD,5.018939393939394,23299
pilot_b_tuning,job_correlated,100,5,2,2321,IG,"d=4,T=0.1,t=5.0s",5.0,1070,HEURISTIC_RPD,1.3257575757575757,25618
pilot_b_tuning,job_correlated,100,5,2,2321,IG,"d=4,T=0.5,t=5.0s",5.0,1100,HEURISTIC_RPD,4.166666666666666,25480
pilot_b_tuning,job_correlated,100,5,2,2321,IG,"d=6,T=0.1,t=5.0s",5.0,1078,HEURISTIC_RPD,2.083333333333333,27365
pilot_b_tuning,job_correlated,100,5,2,2321,IG,"d=6,T=0.5,t=5.0s",5.0,1114,HEURISTIC_RPD,5.492424242424242,24970
pilot_b_tuning,job_correlated,100,5,3,2322,IG,"d=2,T=0.1,t=5.0s",5.0,973,HEURISTIC_RPD,3.5106382978723407,21113
pilot_b_tuning,job_correlated,100,5,3,2322,IG,"d=2,T=0.5,t=5.0s",5.0,996,HEURISTIC_RPD,5.957446808510639,22803
pilot_b_tuning,job_correlated,100,5,3,2322,IG,"d=4,T=0.1,t=5.0s",5.0,957,HEURISTIC_RPD,1.8085106382978722,27556
pilot_b_tuning,job_correlated,100,5,3,2322,IG,"d=4,T=0.5,t=5.0s",5.0,982,HEURISTIC_RPD,4.468085106382979,26484
pilot_b_tuning,job_correlated,100,5,3,2322,IG,"d=6,T=0.1,t=5.0s",5.0,958,HEURISTIC_RPD,1.9148936170212765,27818
pilot_b_tuning,job_correlated,100,5,3,2322,IG,"d=6,T=0.5,t=5.0s",5.0,993,HEURISTIC_RPD,5.638297872340425,26996
pilot_b_tuning,job_correlated,100,5,4,2323,IG,"d=2,T=0.1,t=5.0s",5.0,1007,HEURISTIC_RPD,2.650356778797146,22442
pilot_b_tuning,job_correlated,100,5,4,2323,IG,"d=2,T=0.5,t=5.0s",5.0,1033,HEURISTIC_RPD,5.300713557594292,24421
pilot_b_tuning,job_correlated,100,5,4,2323,IG,"d=4,T=0.1,t=5.0s",5.0,999,HEURISTIC_RPD,1.834862385321101,26295
pilot_b_tuning,job_correlated,100,5,4,2323,IG,"d=4,T=0.5,t=5.0s",5.0,1032,HEURISTIC_RPD,5.198776758409786,25448
pilot_b_tuning,job_correlated,100,5,4,2323,IG,"d=6,T=0.1,t=5.0s",5.0,1001,HEURISTIC_RPD,2.038735983690112,28161
pilot_b_tuning,job_correlated,100,5,4,2323,IG,"d=6,T=0.5,t=5.0s",5.0,1030,HEURISTIC_RPD,4.994903160040775,27134
pilot_b_tuning,uniform,100,5,0,2314,IG,"d=2,T=0.1,t=5.0s",5.0,529,HEURISTIC_RPD,5.378486055776892,23883
pilot_b_tuning,uniform,100,5,0,2314,IG,"d=2,T=0.5,t=5.0s",5.0,524,HEURISTIC_RPD,4.382470119521913,23321
pilot_b_tuning,uniform,100,5,0,2314,IG,"d=4,T=0.1,t=5.0s",5.0,511,HEURISTIC_RPD,1.7928286852589643,23612
pilot_b_tuning,uniform,100,5,0,2314,IG,"d=4,T=0.5,t=5.0s",5.0,522,HEURISTIC_RPD,3.9840637450199203,23785
pilot_b_tuning,uniform,100,5,0,2314,IG,"d=6,T=0.1,t=5.0s",5.0,513,HEURISTIC_RPD,2.1912350597609564,22858
pilot_b_tuning,uniform,100,5,0,2314,IG,"d=6,T=0.5,t=5.0s",5.0,522,HEURISTIC_RPD,3.9840637450199203,25346
pilot_b_tuning,uniform,100,5,1,2315,IG,"d=2,T=0.1,t=5.0s",5.0,480,HEURISTIC_RPD,3.6717062634989204,24246
pilot_b_tuning,uniform,100,5,1,2315,IG,"d=2,T=0.5,t=5.0s",5.0,481,HEURISTIC_RPD,3.8876889848812093,24293
pilot_b_tuning,uniform,100,5,1,2315,IG,"d=4,T=0.1,t=5.0s",5.0,475,HEURISTIC_RPD,2.591792656587473,21959
pilot_b_tuning,uniform,100,5,1,2315,IG,"d=4,T=0.5,t=5.0s",5.0,481,HEURISTIC_RPD,3.8876889848812093,21864
pilot_b_tuning,uniform,100,5,1,2315,IG,"d=6,T=0.1,t=5.0s",5.0,475,HEURISTIC_RPD,2.591792656587473,23626
pilot_b_tuning,uniform,100,5,1,2315,IG,"d=6,T=0.5,t=5.0s",5.0,480,HEURISTIC_RPD,3.6717062634989204,22718
pilot_b_tuning,uniform,100,5,2,2316,IG,"d=2,T=0.1,t=5.0s",5.0,524,HEURISTIC_RPD,3.968253968253968,21706
pilot_b_tuning,uniform,100,5,2,2316,IG,"d=2,T=0.5,t=5.0s",5.0,525,HEURISTIC_RPD,4.166666666666666,22650
pilot_b_tuning,uniform,100,5,2,2316,IG,"d=4,T=0.1,t=5.0s",5.0,514,HEURISTIC_RPD,1.984126984126984,22813
pilot_b_tuning,uniform,100,5,2,2316,IG,"d=4,T=0.5,t=5.0s",5.0,520,HEURISTIC_RPD,3.1746031746031744,22978
pilot_b_tuning,uniform,100,5,2,2316,IG,"d=6,T=0.1,t=5.0s",5.0,514,HEURISTIC_RPD,1.984126984126984,23299
pilot_b_tuning,uniform,100,5,2,2316,IG,"d=6,T=0.5,t=5.0s",5.0,526,HEURISTIC_RPD,4.365079365079365,23248
pilot_b_tuning,uniform,100,5,3,2317,IG,"d=2,T=0.1,t=5.0s",5.0,528,HEURISTIC_RPD,4.142011834319527,22132
pilot_b_tuning,uniform,100,5,3,2317,IG,"d=2,T=0.5,t=5.0s",5.0,536,HEURISTIC_RPD,5.719921104536489,23159
pilot_b_tuning,uniform,100,5,3,2317,IG,"d=4,T=0.1,t=5.0s",5.0,523,HEURISTIC_RPD,3.155818540433925,23077
pilot_b_tuning,uniform,100,5,3,2317,IG,"d=4,T=0.5,t=5.0s",5.0,532,HEURISTIC_RPD,4.930966469428008,22080
pilot_b_tuning,uniform,100,5,3,2317,IG,"d=6,T=0.1,t=5.0s",5.0,522,HEURISTIC_RPD,2.9585798816568047,23025
pilot_b_tuning,uniform,100,5,3,2317,IG,"d=6,T=0.5,t=5.0s",5.0,534,HEURISTIC_RPD,5.325443786982249,21664
pilot_b_tuning,uniform,100,5,4,2318,IG,"d=2,T=0.1,t=5.0s",5.0,592,HEURISTIC_RPD,4.225352112676056,19404
pilot_b_tuning,uniform,100,5,4,2318,IG,"d=2,T=0.5,t=5.0s",5.0,589,HEURISTIC_RPD,3.697183098591549,21324
pilot_b_tuning,uniform,100,5,4,2318,IG,"d=4,T=0.1,t=5.0s",5.0,583,HEURISTIC_RPD,2.640845070422535,21597
pilot_b_tuning,uniform,100,5,4,2318,IG,"d=4,T=0.5,t=5.0s",5.0,593,HEURISTIC_RPD,4.401408450704225,20976
pilot_b_tuning,uniform,100,5,4,2318,IG,"d=6,T=0.1,t=5.0s",5.0,584,HEURISTIC_RPD,2.8169014084507045,24747
pilot_b_tuning,uniform,100,5,4,2318,IG,"d=6,T=0.5,t=5.0s",5.0,596,HEURISTIC_RPD,4.929577464788732,20005
pilot_b_tuning,job_correlated,200,4,0,2349,IG,"d=2,T=0.1,t=5.0s",5.0,2560,HEURISTIC_RPD,2.4409763905562225,11913
pilot_b_tuning,job_correlated,200,4,0,2349,IG,"d=2,T=0.5,t=5.0s",5.0,2598,HEURISTIC_RPD,3.961584633853541,11684
pilot_b_tuning,job_correlated,200,4,0,2349,IG,"d=4,T=0.1,t=5.0s",5.0,2539,HEURISTIC_RPD,1.600640256102441,14184
pilot_b_tuning,job_correlated,200,4,0,2349,IG,"d=4,T=0.5,t=5.0s",5.0,2605,HEURISTIC_RPD,4.2416966786714685,12818
pilot_b_tuning,job_correlated,200,4,0,2349,IG,"d=6,T=0.1,t=5.0s",5.0,2536,HEURISTIC_RPD,1.4805922368947577,14262
pilot_b_tuning,job_correlated,200,4,0,2349,IG,"d=6,T=0.5,t=5.0s",5.0,2612,HEURISTIC_RPD,4.5218087234893956,15952
pilot_b_tuning,job_correlated,200,4,1,2350,IG,"d=2,T=0.1,t=5.0s",5.0,2679,HEURISTIC_RPD,2.3300229182582126,11646
pilot_b_tuning,job_correlated,200,4,1,2350,IG,"d=2,T=0.5,t=5.0s",5.0,2753,HEURISTIC_RPD,5.156608097784568,11746
pilot_b_tuning,job_correlated,200,4,1,2350,IG,"d=4,T=0.1,t=5.0s",5.0,2648,HEURISTIC_RPD,1.145912910618793,14098
pilot_b_tuning,job_correlated,200,4,1,2350,IG,"d=4,T=0.5,t=5.0s",5.0,2736,HEURISTIC_RPD,4.507257448433919,13386
pilot_b_tuning,job_correlated,200,4,1,2350,IG,"d=6,T=0.1,t=5.0s",5.0,2656,HEURISTIC_RPD,1.4514896867838043,15197
pilot_b_tuning,job_correlated,200,4,1,2350,IG,"d=6,T=0.5,t=5.0s",5.0,2747,HEURISTIC_RPD,4.9274255156608096,14556
pilot_b_tuning,job_correlated,200,4,2,2351,IG,"d=2,T=0.1,t=5.0s",5.0,2520,HEURISTIC_RPD,3.3210332103321036,11059
pilot_b_tuning,job_correlated,200,4,2,2351,IG,"d=2,T=0.5,t=5.0s",5.0,2554,HEURISTIC_RPD,4.715047150471505,11050
pilot_b_tuning,job_correlated,200,4,2,2351,IG,"d=4,T=0.1,t=5.0s",5.0,2473,HEURISTIC_RPD,1.3940139401394014,14275
pilot_b_tuning,job_correlated,200,4,2,2351,IG,"d=4,T=0.5,t=5.0s",5.0,2518,HEURISTIC_RPD,3.239032390323903,13711
pilot_b_tuning,job_correlated,200,4,2,2351,IG,"d=6,T=0.1,t=5.0s",5.0,2481,HEURISTIC_RPD,1.7220172201722017,14739
pilot_b_tuning,job_correlated,200,4,2,2351,IG,"d=6,T=0.5,t=5.0s",5.0,2541,HEURISTIC_RPD,4.182041820418204,15142
pilot_b_tuning,job_correlated,200,4,3,2352,IG,"d=2,T=0.1,t=5.0s",5.0,2799,HEURISTIC_RPD,3.2079646017699117,11131
pilot_b_tuning,job_correlated,200,4,3,2352,IG,"d=2,T=0.5,t=5.0s",5.0,2803,HEURISTIC_RPD,3.3554572271386434,11537
pilot_b_tuning,job_correlated,200,4,3,2352,IG,"d=4,T=0.1,t=5.0s",5.0,2749,HEURISTIC_RPD,1.364306784660767,13832
pilot_b_tuning,job_correlated,200,4,3,2352,IG,"d=4,T=0.5,t=5.0s",5.0,2823,HEURISTIC_RPD,4.092920353982301,13869
pilot_b_tuning,job_correlated,200,4,3,2352,IG,"d=6,T=0.1,t=5.0s",5.0,2743,HEURISTIC_RPD,1.1430678466076696,14703
pilot_b_tuning,job_correlated,200,4,3,2352,IG,"d=6,T=0.5,t=5.0s",5.0,2825,HEURISTIC_RPD,4.166666666666666,15123
pilot_b_tuning,job_correlated,200,4,4,2353,IG,"d=2,T=0.1,t=5.0s",5.0,2617,HEURISTIC_RPD,3.3570300157977884,11564
pilot_b_tuning,job_correlated,200,4,4,2353,IG,"d=2,T=0.5,t=5.0s",5.0,2670,HEURISTIC_RPD,5.450236966824645,11257
pilot_b_tuning,job_correlated,200,4,4,2353,IG,"d=4,T=0.1,t=5.0s",5.0,2569,HEURISTIC_RPD,1.4612954186413902,14227
pilot_b_tuning,job_correlated,200,4,4,2353,IG,"d=4,T=0.5,t=5.0s",5.0,2642,HEURISTIC_RPD,4.344391785150079,14377
pilot_b_tuning,job_correlated,200,4,4,2353,IG,"d=6,T=0.1,t=5.0s",5.0,2580,HEURISTIC_RPD,1.8957345971563981,15223
pilot_b_tuning,job_correlated,200,4,4,2353,IG,"d=6,T=0.5,t=5.0s",5.0,2640,HEURISTIC_RPD,4.265402843601896,14780
pilot_b_tuning,uniform,200,4,0,2344,IG,"d=2,T=0.1,t=5.0s",5.0,1481,HEURISTIC_RPD,4.6643109540636045,10462
pilot_b_tuning,uniform,200,4,0,2344,IG,"d=2,T=0.5,t=5.0s",5.0,1458,HEURISTIC_RPD,3.03886925795053,11416
pilot_b_tuning,uniform,200,4,0,2344,IG,"d=4,T=0.1,t=5.0s",5.0,1437,HEURISTIC_RPD,1.5547703180212016,12284
pilot_b_tuning,uniform,200,4,0,2344,IG,"d=4,T=0.5,t=5.0s",5.0,1456,HEURISTIC_RPD,2.897526501766784,12506
pilot_b_tuning,uniform,200,4,0,2344,IG,"d=6,T=0.1,t=5.0s",5.0,1434,HEURISTIC_RPD,1.342756183745583,13330
pilot_b_tuning,uniform,200,4,0,2344,IG,"d=6,T=0.5,t=5.0s",5.0,1452,HEURISTIC_RPD,2.614840989399293,14131
pilot_b_tuning,uniform,200,4,1,2345,IG,"d=2,T=0.1,t=5.0s",5.0,1379,HEURISTIC_RPD,3.45086271567892,12264
pilot_b_tuning,uniform,200,4,1,2345,IG,"d=2,T=0.5,t=5.0s",5.0,1391,HEURISTIC_RPD,4.351087771942986,12236
pilot_b_tuning,uniform,200,4,1,2345,IG,"d=4,T=0.1,t=5.0s",5.0,1360,HEURISTIC_RPD,2.0255063765941483,12968
pilot_b_tuning,uniform,200,4,1,2345,IG,"d=4,T=0.5,t=5.0s",5.0,1373,HEURISTIC_RPD,3.0007501875468865,12982
pilot_b_tuning,uniform,200,4,1,2345,IG,"d=6,T=0.1,t=5.0s",5.0,1352,HEURISTIC_RPD,1.4253563390847712,13833
pilot_b_tuning,uniform,200,4,1,2345,IG,"d=6,T=0.5,t=5.0s",5.0,1368,HEURISTIC_RPD,2.625656414103526,13731
pilot_b_tuning,uniform,200,4,2,2346,IG,"d=2,T=0.1,t=5.0s",5.0,1507,HEURISTIC_RPD,4.14651002073255,11776
pilot_b_tuning,uniform,200,4,2,2346,IG,"d=2,T=0.5,t=5.0s",5.0,1505,HEURISTIC_RPD,4.0082930200414655,12102
pilot_b_tuning,uniform,200,4,2,2346,IG,"d=4,T=0.1,t=5.0s",5.0,1484,HEURISTIC_RPD,2.5570145127850727,12507
pilot_b_tuning,uniform,200,4,2,2346,IG,"d=4,T=0.5,t=5.0s",5.0,1494,HEURISTIC_RPD,3.2480995162404978,12946
pilot_b_tuning,uniform,200,4,2,2346,IG,"d=6,T=0.1,t=5.0s",5.0,1468,HEURISTIC_RPD,1.4512785072563925,14315
pilot_b_tuning,uniform,200,4,2,2346,IG,"d=6,T=0.5,t=5.0s",5.0,1500,HEURISTIC_RPD,3.6627505183137523,15220
pilot_b_tuning,uniform,200,4,3,2347,IG,"d=2,T=0.1,t=5.0s",5.0,1335,HEURISTIC_RPD,3.7296037296037294,12412
pilot_b_tuning,uniform,200,4,3,2347,IG,"d=2,T=0.5,t=5.0s",5.0,1340,HEURISTIC_RPD,4.118104118104118,12495
pilot_b_tuning,uniform,200,4,3,2347,IG,"d=4,T=0.1,t=5.0s",5.0,1313,HEURISTIC_RPD,2.0202020202020203,12872
pilot_b_tuning,uniform,200,4,3,2347,IG,"d=4,T=0.5,t=5.0s",5.0,1332,HEURISTIC_RPD,3.4965034965034967,13398
pilot_b_tuning,uniform,200,4,3,2347,IG,"d=6,T=0.1,t=5.0s",5.0,1313,HEURISTIC_RPD,2.0202020202020203,14408
pilot_b_tuning,uniform,200,4,3,2347,IG,"d=6,T=0.5,t=5.0s",5.0,1327,HEURISTIC_RPD,3.108003108003108,14822
pilot_b_tuning,uniform,200,4,4,2348,IG,"d=2,T=0.1,t=5.0s",5.0,1395,HEURISTIC_RPD,3.9493293591654246,11955
pilot_b_tuning,uniform,200,4,4,2348,IG,"d=2,T=0.5,t=5.0s",5.0,1396,HEURISTIC_RPD,4.023845007451564,12032
pilot_b_tuning,uniform,200,4,4,2348,IG,"d=4,T=0.1,t=5.0s",5.0,1367,HEURISTIC_RPD,1.8628912071535022,13262
pilot_b_tuning,uniform,200,4,4,2348,IG,"d=4,T=0.5,t=5.0s",5.0,1376,HEURISTIC_RPD,2.533532041728763,13128
pilot_b_tuning,uniform,200,4,4,2348,IG,"d=6,T=0.1,t=5.0s",5.0,1349,HEURISTIC_RPD,0.5216095380029807,13888
pilot_b_tuning,uniform,200,4,4,2348,IG,"d=6,T=0.5,t=5.0s",5.0,1373,HEURISTIC_RPD,2.309985096870343,14733
pilot_b_tuning,job_correlated,200,5,0,2359,IG,"d=2,T=0.1,t=5.0s",5.0,2201,HEURISTIC_RPD,4.017013232514178,12601
pilot_b_tuning,job_correlated,200,5,0,2359,IG,"d=2,T=0.5,t=5.0s",5.0,2238,HEURISTIC_RPD,5.765595463137997,12994
pilot_b_tuning,job_correlated,200,5,0,2359,IG,"d=4,T=0.1,t=5.0s",5.0,2156,HEURISTIC_RPD,1.890359168241966,15410
pilot_b_tuning,job_correlated,200,5,0,2359,IG,"d=4,T=0.5,t=5.0s",5.0,2231,HEURISTIC_RPD,5.434782608695652,15076
pilot_b_tuning,job_correlated,200,5,0,2359,IG,"d=6,T=0.1,t=5.0s",5.0,2166,HEURISTIC_RPD,2.3629489603024574,15963
pilot_b_tuning,job_correlated,200,5,0,2359,IG,"d=6,T=0.5,t=5.0s",5.0,2240,HEURISTIC_RPD,5.8601134215500945,15631
pilot_b_tuning,job_correlated,200,5,1,2360,IG,"d=2,T=0.1,t=5.0s",5.0,2125,HEURISTIC_RPD,3.810454323400098,12692
pilot_b_tuning,job_correlated,200,5,1,2360,IG,"d=2,T=0.5,t=5.0s",5.0,2170,HEURISTIC_RPD,6.008793356130923,12430
pilot_b_tuning,job_correlated,200,5,1,2360,IG,"d=4,T=0.1,t=5.0s",5.0,2088,HEURISTIC_RPD,2.0029311187103076,14951
pilot_b_tuning,job_correlated,200,5,1,2360,IG,"d=4,T=0.5,t=5.0s",5.0,2171,HEURISTIC_RPD,6.057645334636053,13963
pilot_b_tuning,job_correlated,200,5,1,2360,IG,"d=6,T=0.1,t=5.0s",5.0,2103,HEURISTIC_RPD,2.7357107962872496,16195
pilot_b_tuning,job_correlated,200,5,1,2360,IG,"d=6,T=0.5,t=5.0s",5.0,2172,HEURISTIC_RPD,6.106497313141182,14709
pilot_b_tuning,job_correlated,200,5,2,2361,IG,"d=2,T=0.1,t=5.0s",5.0,2066,HEURISTIC_RPD,4.290762241292277,12347
pilot_b_tuning,job_correlated,200,5,2,2361,IG,"d=2,T=0.5,t=5.0s",5.0,2083,HEURISTIC_RPD,5.1489146895507325,12902
pilot_b_tuning,job_correlated,200,5,2,2361,IG,"d=4,T=0.1,t=5.0s",5.0,2020,HEURISTIC_RPD,1.9687026754164565,15221
pilot_b_tuning,job_correlated,200,5,2,2361,IG,"d=4,T=0.5,t=5.0s",5.0,2086,HEURISTIC_RPD,5.30035335689046,14880
pilot_b_tuning,job_correlated,200,5,2,2361,IG,"d=6,T=0.1,t=5.0s",5.0,2021,HEURISTIC_RPD,2.0191822311963654,15873
pilot_b_tuning,job_correlated,200,5,2,2361,IG,"d=6,T=0.5,t=5.0s",5.0,2099,HEURISTIC_RPD,5.956587582029278,15545
pilot_b_tuning,job_correlated,200,5,3,2362,IG,"d=2,T=0.1,t=5.0s",5.0,2038,HEURISTIC_RPD,3.294475418144957,12071
pilot_b_tuning,job_correlated,200,5,3,2362,IG,"d=2,T=0.5,t=5.0s",5.0,2107,HEURISTIC_RPD,6.7916877850988335,11641
pilot_b_tuning,job_correlated,200,5,3,2362,IG,"d=4,T=0.1,t=5.0s",5.0,2011,HEURISTIC_RPD,1.926001013684744,15536
pilot_b_tuning,job_correlated,200,5,3,2362,IG,"d=4,T=0.5,t=5.0s",5.0,2069,HEURISTIC_RPD,4.86568677141409,15187
pilot_b_tuning,job_correlated,200,5,3,2362,IG,"d=6,T=0.1,t=5.0s",5.0,2015,HEURISTIC_RPD,2.1287379624936644,16586
pilot_b_tuning,job_correlated,200,5,3,2362,IG,"d=6,T=0.5,t=5.0s",5.0,2088,HEURISTIC_RPD,5.828687278256462,15719
pilot_b_tuning,job_correlated,200,5,4,2363,IG,"d=2,T=0.1,t=5.0s",5.0,1983,HEURISTIC_RPD,4.203888596952181,12734
pilot_b_tuning,job_correlated,200,5,4,2363,IG,"d=2,T=0.5,t=5.0s",5.0,2004,HEURISTIC_RPD,5.307409353652128,12753
pilot_b_tuning,job_correlated,200,5,4,2363,IG,"d=4,T=0.1,t=5.0s",5.0,1938,HEURISTIC_RPD,1.8392012611665791,15581
pilot_b_tuning,job_correlated,200,5,4,2363,IG,"d=4,T=0.5,t=5.0s",5.0,1998,HEURISTIC_RPD,4.9921177088807145,15516
pilot_b_tuning,job_correlated,200,5,4,2363,IG,"d=6,T=0.1,t=5.0s",5.0,1945,HEURISTIC_RPD,2.207041513399895,17054
pilot_b_tuning,job_correlated,200,5,4,2363,IG,"d=6,T=0.5,t=5.0s",5.0,2023,HEURISTIC_RPD,6.305832895428271,16415
pilot_b_tuning,uniform,200,5,0,2354,IG,"d=2,T=0.1,t=5.0s",5.0,1064,HEURISTIC_RPD,6.0817547357926225,12065
pilot_b_tuning,uniform,200,5,0,2354,IG,"d=2,T=0.5,t=5.0s",5.0,1057,HEURISTIC_RPD,5.383848454636091,12607
pilot_b_tuning,uniform,200,5,0,2354,IG,"d=4,T=0.1,t=5.0s",5.0,1030,HEURISTIC_RPD,2.6919242273180455,13033
pilot_b_tuning,uniform,200,5,0,2354,IG,"d=4,T=0.5,t=5.0s",5.0,1034,HEURISTIC_RPD,3.090727816550349,12759
pilot_b_tuning,uniform,200,5,0,2354,IG,"d=6,T=0.1,t=5.0s",5.0,1026,HEURISTIC_RPD,2.293120638085743,13428
pilot_b_tuning,uniform,200,5,0,2354,IG,"d=6,T=0.5,t=5.0s",5.0,1062,HEURISTIC_RPD,5.88235294117647,13803
pilot_b_tuning,uniform,200,5,1,2355,IG,"d=2,T=0.1,t=5.0s",5.0,1049,HEURISTIC_RPD,6.281661600810537,11721
pilot_b_tuning,uniform,200,5,1,2355,IG,"d=2,T=0.5,t=5.0s",5.0,1064,HEURISTIC_RPD,7.801418439716312,12326
pilot_b_tuning,uniform,200,5,1,2355,IG,"d=4,T=0.1,t=5.0s",5.0,1017,HEURISTIC_RPD,3.0395136778115504,11488
pilot_b_tuning,uniform,200,5,1,2355,IG,"d=4,T=0.5,t=5.0s",5.0,1028,HEURISTIC_RPD,4.154002026342452,12827
pilot_b_tuning,uniform,200,5,1,2355,IG,"d=6,T=0.1,t=5.0s",5.0,999,HEURISTIC_RPD,1.21580547112462,14186
pilot_b_tuning,uniform,200,5,1,2355,IG,"d=6,T=0.5,t=5.0s",5.0,1043,HEURISTIC_RPD,5.673758865248227,14695
pilot_b_tuning,uniform,200,5,2,2356,IG,"d=2,T=0.1,t=5.0s",5.0,1088,HEURISTIC_RPD,6.457925636007827,12073
pilot_b_tuning,uniform,200,5,2,2356,IG,"d=2,T=0.5,t=5.0s",5.0,1089,HEURISTIC_RPD,6.555772994129158,10986
pilot_b_tuning,uniform,200,5,2,2356,IG,"d=4,T=0.1,t=5.0s",5.0,1050,HEURISTIC_RPD,2.73972602739726,12088
pilot_b_tuning,uniform,200,5,2,2356,IG,"d=4,T=0.5,t=5.0s",5.0,1071,HEURISTIC_RPD,4.794520547945205,11871
pilot_b_tuning,uniform,200,5,2,2356,IG,"d=6,T=0.1,t=5.0s",5.0,1053,HEURISTIC_RPD,3.0332681017612524,12576
pilot_b_tuning,uniform,200,5,2,2356,IG,"d=6,T=0.5,t=5.0s",5.0,1065,HEURISTIC_RPD,4.207436399217221,13097
pilot_b_tuning,uniform,200,5,3,2357,IG,"d=2,T=0.1,t=5.0s",5.0,1001,HEURISTIC_RPD,4.162330905306972,11643
pilot_b_tuning,uniform,200,5,3,2357,IG,"d=2,T=0.5,t=5.0s",5.0,1011,HEURISTIC_RPD,5.202913631633715,11413
pilot_b_tuning,uniform,200,5,3,2357,IG,"d=4,T=0.1,t=5.0s",5.0,985,HEURISTIC_RPD,2.497398543184183,12787
pilot_b_tuning,uniform,200,5,3,2357,IG,"d=4,T=0.5,t=5.0s",5.0,992,HEURISTIC_RPD,3.225806451612903,13567
pilot_b_tuning,uniform,200,5,3,2357,IG,"d=6,T=0.1,t=5.0s",5.0,976,HEURISTIC_RPD,1.5608740894901143,13881
pilot_b_tuning,uniform,200,5,3,2357,IG,"d=6,T=0.5,t=5.0s",5.0,1003,HEURISTIC_RPD,4.37044745057232,13750
pilot_b_tuning,uniform,200,5,4,2358,IG,"d=2,T=0.1,t=5.0s",5.0,1046,HEURISTIC_RPD,6.192893401015229,12149
pilot_b_tuning,uniform,200,5,4,2358,IG,"d=2,T=0.5,t=5.0s",5.0,1044,HEURISTIC_RPD,5.98984771573604,11506
pilot_b_tuning,uniform,200,5,4,2358,IG,"d=4,T=0.1,t=5.0s",5.0,1004,HEURISTIC_RPD,1.9289340101522845,13125
pilot_b_tuning,uniform,200,5,4,2358,IG,"d=4,T=0.5,t=5.0s",5.0,1029,HEURISTIC_RPD,4.467005076142132,12617
pilot_b_tuning,uniform,200,5,4,2358,IG,"d=6,T=0.1,t=5.0s",5.0,1000,HEURISTIC_RPD,1.5228426395939088,15050
pilot_b_tuning,uniform,200,5,4,2358,IG,"d=6,T=0.5,t=5.0s",5.0,1022,HEURISTIC_RPD,3.7563451776649748,14829
